DateTime,55G Large,ESP8266 50G,ESP8266 55G,Water Meter
1/29/2026 0:01,67.6,66.4,77.4,Disconnected
1/29/2026 0:02,67.7,66.3,77.3,Disconnected
1/29/2026 0:03,67.7,66.3,77.3,Disconnected
1/29/2026 0:04,67.7,66.3,77.4,Disconnected
1/29/2026 0:05,67.7,66.3,77.3,Disconnected
1/29/2026 0:06,67.7,66.3,77.4,Disconnected
1/29/2026 0:07,67.7,66.3,77.4,Disconnected
1/29/2026 0:09,67.7,66.3,77.3,Disconnected
1/29/2026 0:10,67.7,66.4,77.4,Disconnected
1/29/2026 0:11,67.8,66.3,77.4,Disconnected
1/29/2026 0:12,67.7,66.4,77.4,Disconnected
1/29/2026 0:13,67.8,66.4,77.4,Disconnected
1/29/2026 0:14,67.7,66.3,77.3,Disconnected
1/29/2026 0:15,67.8,66.4,77.4,Disconnected
1/29/2026 0:16,67.7,66.4,77.3,Disconnected
1/29/2026 0:17,67.7,66.4,77.4,Disconnected
1/29/2026 0:19,67.7,66.4,77.4,Disconnected
1/29/2026 0:20,67.8,66.5,77.4,Disconnected
1/29/2026 0:21,67.8,66.4,77.4,Disconnected
1/29/2026 0:22,67.8,66.4,77.4,Disconnected
1/29/2026 0:23,67.8,66.5,77.4,Disconnected
1/29/2026 0:24,67.8,66.4,77.4,Disconnected
1/29/2026 0:25,67.8,66.5,77.4,Disconnected
1/29/2026 0:26,67.8,66.4,77.4,Disconnected
1/29/2026 0:28,67.8,66.5,77.4,Disconnected
1/29/2026 0:29,67.8,66.5,77.4,Disconnected
1/29/2026 0:30,67.8,66.5,77.4,Disconnected
1/29/2026 0:31,67.9,66.4,77.4,Disconnected
1/29/2026 0:32,67.9,66.5,77.4,Disconnected
1/29/2026 0:33,67.9,66.5,77.4,Disconnected
1/29/2026 0:34,67.9,66.5,77.4,Disconnected
1/29/2026 0:35,67.8,66.5,77.4,Disconnected
1/29/2026 0:36,67.9,66.4,77.4,Disconnected
1/29/2026 0:38,67.9,66.4,77.4,Disconnected
1/29/2026 0:39,68,66.5,77.4,Disconnected
1/29/2026 0:40,67.9,66.4,77.4,Disconnected
1/29/2026 0:41,68,66.4,77.4,Disconnected
1/29/2026 0:42,67.9,66.5,77.4,Disconnected
1/29/2026 0:43,67.9,66.5,77.4,Disconnected
1/29/2026 0:44,68,66.5,77.4,Disconnected
1/29/2026 0:45,67.9,66.5,77.4,Disconnected
1/29/2026 0:47,67.9,66.5,77.4,Disconnected
1/29/2026 0:48,67.9,66.5,77.4,Disconnected
1/29/2026 0:49,67.8,66.5,77.4,Disconnected
1/29/2026 0:50,67.8,66.5,77.4,Disconnected
1/29/2026 0:51,67.8,66.5,77.4,Disconnected
1/29/2026 0:52,67.8,66.5,77.4,Disconnected
1/29/2026 0:53,67.7,66.5,77.4,Disconnected
1/29/2026 0:54,67.8,66.5,77.4,Disconnected
1/29/2026 0:56,67.8,66.5,77.4,Disconnected
1/29/2026 0:57,67.7,66.5,77.4,Disconnected
1/29/2026 0:58,67.6,66.4,77.4,Disconnected
1/29/2026 0:59,67.7,66.4,77.4,Disconnected
1/29/2026 1:00,67.7,66.4,77.4,Disconnected
1/29/2026 1:01,67.6,66.4,77.4,Disconnected
1/29/2026 1:02,67.6,66.4,77.4,Disconnected
1/29/2026 1:04,67.6,66.4,77.4,Disconnected
1/29/2026 1:05,67.4,66.4,77.3,Disconnected
1/29/2026 1:06,67.6,66.4,77.4,Disconnected
1/29/2026 1:07,67.4,66.4,77.4,Disconnected
1/29/2026 1:08,67.4,66.3,77.4,Disconnected
1/29/2026 1:09,67.4,66.3,77.4,Disconnected
1/29/2026 1:10,67.6,66.3,77.4,Disconnected
1/29/2026 1:12,67.6,66.4,77.4,Disconnected
1/29/2026 1:13,67.4,66.4,77.4,Disconnected
1/29/2026 1:14,67.6,66.3,77.4,Disconnected
1/29/2026 1:15,67.6,66.3,77.4,Disconnected
1/29/2026 1:16,67.6,66.4,77.4,Disconnected
1/29/2026 1:17,67.4,66.4,77.4,Disconnected
1/29/2026 1:18,67.4,66.4,77.4,Disconnected
1/29/2026 1:20,67.3,66.3,77.4,Disconnected
1/29/2026 1:21,67.3,66.3,77.4,Disconnected
1/29/2026 1:22,67.3,66.3,77.3,Disconnected
1/29/2026 1:23,67.2,66.4,77.4,Disconnected
1/29/2026 1:24,67.2,66.4,77.4,Disconnected
1/29/2026 1:25,67.3,66.3,77.4,Disconnected
1/29/2026 1:26,67.3,66.2,77.3,Disconnected
1/29/2026 1:27,67.2,66.2,77.3,Disconnected
1/29/2026 1:29,67.3,66.2,77.3,Disconnected
1/29/2026 1:30,67.2,66.2,77.3,Disconnected
1/29/2026 1:31,67.2,66.1,77.3,Disconnected
1/29/2026 1:32,67.2,66.2,77.4,Disconnected
1/29/2026 1:33,67.2,66.2,77.4,Disconnected
1/29/2026 1:34,67.1,66.3,77.3,Disconnected
1/29/2026 1:35,67.1,66.3,77.3,Disconnected
1/29/2026 1:37,67.1,66.2,77.3,Disconnected
1/29/2026 1:38,67,66.2,77.3,Disconnected
1/29/2026 1:39,67,66.2,77.3,Disconnected
1/29/2026 1:40,67,66.2,77.3,Disconnected
1/29/2026 1:41,67.1,66.1,77.3,Disconnected
1/29/2026 1:42,67,66.1,77.3,Disconnected
1/29/2026 1:43,67,66.1,77.3,Disconnected
1/29/2026 1:44,67,66.1,77.3,Disconnected
1/29/2026 1:46,67.1,66.1,77.3,Disconnected
1/29/2026 1:47,67.1,66.1,77.3,Disconnected
1/29/2026 1:48,67,66.2,77.3,Disconnected
1/29/2026 1:49,67,66.2,77.3,Disconnected
1/29/2026 1:50,67,66.2,77.3,Disconnected
1/29/2026 1:51,66.9,66.2,77.3,Disconnected
1/29/2026 1:52,66.8,66.2,77.3,Disconnected
1/29/2026 1:54,66.9,66.2,77.3,Disconnected
1/29/2026 1:55,66.9,66.1,77.3,Disconnected
1/29/2026 1:56,66.9,66.1,77.3,Disconnected
1/29/2026 1:57,66.9,66,77.3,Disconnected
1/29/2026 1:58,66.9,66.1,77.2,Disconnected
1/29/2026 1:59,66.9,66.1,77.2,Disconnected
1/29/2026 2:01,66.9,66,77.2,Disconnected
1/29/2026 2:02,66.9,66,77.3,Disconnected
1/29/2026 2:03,66.9,66.1,77.2,Disconnected
1/29/2026 2:04,66.8,66.1,77.3,Disconnected
1/29/2026 2:05,66.8,66.1,77.2,Disconnected
1/29/2026 2:06,66.8,66.2,77.2,Disconnected
1/29/2026 2:07,66.8,66.1,77.3,Disconnected
1/29/2026 2:09,66.8,66.1,77.2,Disconnected
1/29/2026 2:10,66.8,66,77.2,Disconnected
1/29/2026 2:11,66.8,66,77.2,Disconnected
1/29/2026 2:12,66.8,66,77.2,Disconnected
1/29/2026 2:13,66.8,65.9,77.2,Disconnected
1/29/2026 2:14,66.8,65.9,77.2,Disconnected
1/29/2026 2:15,66.8,65.9,77.2,Disconnected
1/29/2026 2:16,66.7,66,77.2,Disconnected
1/29/2026 2:18,66.7,66,77.2,Disconnected
1/29/2026 2:19,66.7,66,77.2,Disconnected
1/29/2026 2:20,66.7,66,77.2,Disconnected
1/29/2026 2:21,66.7,66,77.2,Disconnected
1/29/2026 2:22,66.5,66,77.2,Disconnected
1/29/2026 2:23,66.5,66,77.2,Disconnected
1/29/2026 2:24,66.5,66,77.2,Disconnected
1/29/2026 2:26,66.5,65.9,77.1,Disconnected
1/29/2026 2:27,66.7,65.9,77.1,Disconnected
1/29/2026 2:28,66.7,65.9,77.2,Disconnected
1/29/2026 2:29,66.5,65.8,77.2,Disconnected
1/29/2026 2:30,66.5,65.8,77.1,Disconnected
1/29/2026 2:31,66.7,65.8,77.1,Disconnected
1/29/2026 2:32,66.5,65.8,77.1,Disconnected
1/29/2026 2:33,66.7,65.8,77.1,Disconnected
1/29/2026 2:35,66.7,65.8,77.1,Disconnected
1/29/2026 2:36,66.7,65.8,77.1,Disconnected
1/29/2026 2:37,66.7,65.8,77.1,Disconnected
1/29/2026 2:38,66.8,65.8,77.1,Disconnected
1/29/2026 2:39,66.8,65.6,77.2,Disconnected
1/29/2026 2:40,66.8,65.9,77.1,Disconnected
1/29/2026 2:41,66.7,65.8,77.1,Disconnected
1/29/2026 2:43,66.7,65.9,77.1,Disconnected
1/29/2026 2:44,66.5,66,77.1,Disconnected
1/29/2026 2:45,66.5,65.9,77.1,Disconnected
1/29/2026 2:46,66.5,66,77.1,Disconnected
1/29/2026 2:47,66.5,65.9,77.1,Disconnected
1/29/2026 2:48,66.5,66,77.1,Disconnected
1/29/2026 2:49,66.5,65.9,77.1,Disconnected
1/29/2026 2:51,66.5,66,77.1,Disconnected
1/29/2026 2:52,66.4,66,77.1,Disconnected
1/29/2026 2:53,66.4,66,77.1,Disconnected
1/29/2026 2:54,66.4,66,77.1,Disconnected
1/29/2026 2:55,66.4,65.9,77.1,Disconnected
1/29/2026 2:56,66.5,65.8,77.1,Disconnected
1/29/2026 2:57,66.5,65.9,77.1,Disconnected
1/29/2026 2:58,66.5,65.8,77.1,Disconnected
1/29/2026 3:00,66.4,65.6,77,Disconnected
1/29/2026 3:01,66.4,65.8,77.1,Disconnected
1/29/2026 3:02,66.4,65.9,77.1,Disconnected
1/29/2026 3:03,66.4,65.8,77.1,Disconnected
1/29/2026 3:04,66.3,65.8,77.1,Disconnected
1/29/2026 3:05,66.3,65.9,77.1,Disconnected
1/29/2026 3:06,66.4,65.9,77.1,Disconnected
1/29/2026 3:07,66.3,65.9,77,Disconnected
1/29/2026 3:09,66.2,65.9,77,Disconnected
1/29/2026 3:10,66.3,65.9,77,Disconnected
1/29/2026 3:11,66.3,65.8,77,Disconnected
1/29/2026 3:12,66.3,65.8,77,Disconnected
1/29/2026 3:13,66.3,65.6,77,Disconnected
1/29/2026 3:14,66.3,65.8,77,Disconnected
1/29/2026 3:15,66.3,65.6,77,Disconnected
1/29/2026 3:17,66.3,65.6,77,Disconnected
1/29/2026 3:18,66.3,65.8,77.1,Disconnected
1/29/2026 3:19,66.3,65.6,77,Disconnected
1/29/2026 3:20,66.2,65.8,77,Disconnected
1/29/2026 3:21,66.2,65.9,77,Disconnected
1/29/2026 3:22,66.1,65.8,77,Disconnected
1/29/2026 3:23,66.2,65.9,77,Disconnected
1/29/2026 3:25,66.1,65.6,77.1,Disconnected
1/29/2026 3:26,66.2,65.8,77,Disconnected
1/29/2026 3:27,66.2,65.6,77,Disconnected
1/29/2026 3:28,66.1,65.6,77,Disconnected
1/29/2026 3:29,66.2,65.6,77,Disconnected
1/29/2026 3:30,66.3,65.6,77,Disconnected
1/29/2026 3:31,66.3,65.6,77,Disconnected
1/29/2026 3:33,66.2,65.5,77,Disconnected
1/29/2026 3:34,66.3,65.6,77,Disconnected
1/29/2026 3:35,66.3,65.6,77,Disconnected
1/29/2026 3:36,66.3,65.6,77,Disconnected
1/29/2026 3:37,66.4,65.6,77,Disconnected
1/29/2026 3:38,66.4,65.6,77,Disconnected
1/29/2026 3:39,66.4,65.6,77,Disconnected
1/29/2026 3:41,66.5,65.8,77,Disconnected
1/29/2026 3:42,66.5,65.8,77,Disconnected
1/29/2026 3:43,66.4,65.6,77,Disconnected
1/29/2026 3:44,66.4,65.6,77,Disconnected
1/29/2026 3:45,66.4,65.8,77,Disconnected
1/29/2026 3:46,66.5,65.9,77,Disconnected
1/29/2026 3:47,66.5,65.8,77,Disconnected
1/29/2026 3:49,66.5,65.8,77,Disconnected
1/29/2026 3:50,66.5,65.8,77,Disconnected
1/29/2026 3:51,66.5,65.8,77,Disconnected
1/29/2026 3:52,66.4,65.8,77,Disconnected
1/29/2026 3:53,66.4,65.8,77,Disconnected
1/29/2026 3:55,66.5,65.9,77,Disconnected
1/29/2026 3:56,66.5,65.9,77,Disconnected
1/29/2026 3:57,66.5,65.9,77,Disconnected
1/29/2026 3:58,66.7,65.9,77,Disconnected
1/29/2026 3:59,66.7,65.9,77,Disconnected
1/29/2026 4:00,66.7,66,77,Disconnected
1/29/2026 4:02,66.7,66,77,Disconnected
1/29/2026 4:03,66.8,66,77,Disconnected
1/29/2026 4:04,66.8,66,77,Disconnected
1/29/2026 4:05,66.7,66,77,Disconnected
1/29/2026 4:06,66.5,65.9,77,Disconnected
1/29/2026 4:07,66.5,66,77,Disconnected
1/29/2026 4:08,66.5,66,77,Disconnected
1/29/2026 4:09,66.5,66.1,77,Disconnected
1/29/2026 4:11,66.5,66,77,Disconnected
1/29/2026 4:12,66.5,66,77,Disconnected
1/29/2026 4:13,66.5,65.9,77,Disconnected
1/29/2026 4:14,66.5,65.9,77,Disconnected
1/29/2026 4:15,66.7,65.9,77,Disconnected
1/29/2026 4:16,66.7,65.9,77,Disconnected
1/29/2026 4:17,66.7,66,77,Disconnected
1/29/2026 4:19,66.7,65.8,77,Disconnected
1/29/2026 4:20,66.7,65.8,77,Disconnected
1/29/2026 4:21,66.7,65.9,77,Disconnected
1/29/2026 4:22,66.8,65.9,77,Disconnected
1/29/2026 4:23,66.7,65.9,77,Disconnected
1/29/2026 4:24,66.7,65.9,77,Disconnected
1/29/2026 4:25,66.7,65.9,77,Disconnected
1/29/2026 4:27,66.7,65.9,77,Disconnected
1/29/2026 4:28,66.8,66,77,Disconnected
1/29/2026 4:29,66.7,65.9,77,Disconnected
1/29/2026 4:30,66.8,66,77,Disconnected
1/29/2026 4:31,66.8,66,77,Disconnected
1/29/2026 4:32,66.9,66,77,Disconnected
1/29/2026 4:33,66.8,65.9,77,Disconnected
1/29/2026 4:34,66.8,66,77,Disconnected
1/29/2026 4:36,66.8,66,77,Disconnected
1/29/2026 4:37,66.9,66,77,Disconnected
1/29/2026 4:38,66.9,65.9,77,Disconnected
1/29/2026 4:39,67,66,77,Disconnected
1/29/2026 4:40,66.9,66,77,Disconnected
1/29/2026 4:41,66.9,66,77,Disconnected
1/29/2026 4:42,67,66,77,Disconnected
1/29/2026 4:44,67,66.1,77,Disconnected
1/29/2026 4:45,67,66.1,77,Disconnected
1/29/2026 4:46,67,66,77,Disconnected
1/29/2026 4:47,66.9,66.1,77,Disconnected
1/29/2026 4:48,67.1,66.2,77,Disconnected
1/29/2026 4:49,67,66.1,77,Disconnected
1/29/2026 4:50,67,66.1,77,Disconnected
1/29/2026 4:52,67,66.1,77,Disconnected
1/29/2026 4:53,67,66.2,77,Disconnected
1/29/2026 4:54,67.1,66.1,77,Disconnected
1/29/2026 4:55,67.1,66.1,77.1,Disconnected
1/29/2026 4:56,67.1,66.1,77,Disconnected
1/29/2026 4:57,67.1,66.2,77.1,Disconnected
1/29/2026 4:58,67.2,66.2,77,Disconnected
1/29/2026 5:00,67.3,66.1,77.1,Disconnected
1/29/2026 5:01,67.3,66.2,77,Disconnected
1/29/2026 5:02,67.3,66.1,77.1,Disconnected
1/29/2026 5:03,67.3,66.2,77,Disconnected
1/29/2026 5:04,67.3,66.2,77,Disconnected
1/29/2026 5:05,67.3,66.2,77,Disconnected
1/29/2026 5:06,67.4,66.2,77.1,Disconnected
1/29/2026 5:07,67.3,66.3,77.1,Disconnected
1/29/2026 5:09,67.4,66.3,77.1,Disconnected
1/29/2026 5:10,67.3,66.2,77,Disconnected
1/29/2026 5:11,67.4,66.2,77.1,Disconnected
1/29/2026 5:12,67.4,66.3,77.1,Disconnected
1/29/2026 5:13,67.4,66.3,77.1,Disconnected
1/29/2026 5:14,67.3,66.3,77.1,Disconnected
1/29/2026 5:15,67.4,66.3,77.1,Disconnected
1/29/2026 5:17,67.4,66.3,77.1,Disconnected
1/29/2026 5:18,67.3,66.3,77.1,Disconnected
1/29/2026 5:19,67.4,66.3,77.1,Disconnected
1/29/2026 5:20,67.4,66.3,77.1,Disconnected
1/29/2026 5:21,67.4,66.4,77.1,Disconnected
1/29/2026 5:22,67.4,66.4,77.1,Disconnected
1/29/2026 5:23,67.3,66.3,77.1,Disconnected
1/29/2026 5:24,67.3,66.4,77.1,Disconnected
1/29/2026 5:26,67.3,66.3,77.1,Disconnected
1/29/2026 5:27,67.3,66.3,77.1,Disconnected
1/29/2026 5:28,67.4,66.4,77.1,Disconnected
1/29/2026 5:29,67.3,66.3,77.1,Disconnected
1/29/2026 5:30,67.4,66.4,77.1,Disconnected
1/29/2026 5:31,67.4,66.3,77.1,Disconnected
1/29/2026 5:32,67.4,66.4,77.1,Disconnected
1/29/2026 5:34,67.4,66.4,77.1,Disconnected
1/29/2026 5:35,67.4,66.4,77.1,Disconnected
1/29/2026 5:36,67.6,66.4,77.1,Disconnected
1/29/2026 5:37,67.4,66.4,77.1,Disconnected
1/29/2026 5:38,67.4,66.4,77.1,Disconnected
1/29/2026 5:39,67.4,66.4,77.1,Disconnected
1/29/2026 5:40,67.6,66.5,77.1,Disconnected
1/29/2026 5:41,67.6,66.4,77.1,Disconnected
1/29/2026 5:43,67.6,66.4,77.1,Disconnected
1/29/2026 5:44,67.7,66.4,77.1,Disconnected
1/29/2026 5:45,67.6,66.4,77.2,Disconnected
1/29/2026 5:46,67.6,66.4,77.2,Disconnected
1/29/2026 5:47,67.6,66.4,77.1,Disconnected
1/29/2026 5:48,67.6,66.5,77.2,Disconnected
1/29/2026 5:49,67.7,66.4,77.1,Disconnected
1/29/2026 5:51,67.7,66.5,77.2,Disconnected
1/29/2026 5:52,67.7,66.4,77.2,Disconnected
1/29/2026 5:53,67.7,66.4,77.2,Disconnected
1/29/2026 5:54,67.7,66.4,77.2,Disconnected
1/29/2026 5:55,67.7,66.5,77.2,Disconnected
1/29/2026 5:56,67.7,66.5,77.2,Disconnected
1/29/2026 5:57,67.7,66.5,77.2,Disconnected
1/29/2026 5:59,67.7,66.5,77.2,Disconnected
1/29/2026 6:00,67.7,66.4,77.2,Disconnected
1/29/2026 6:01,67.7,66.5,77.2,Disconnected
1/29/2026 6:02,67.7,66.5,77.2,Disconnected
1/29/2026 6:03,67.6,66.5,77.2,Disconnected
1/29/2026 6:04,67.6,66.5,77.2,Disconnected
1/29/2026 6:05,67.6,66.5,77.2,Disconnected
1/29/2026 6:07,67.6,66.5,77.2,Disconnected
1/29/2026 6:08,67.6,66.7,77.2,Disconnected
1/29/2026 6:09,67.6,66.5,77.2,Disconnected
1/29/2026 6:10,67.6,66.5,77.2,Disconnected
1/29/2026 6:11,67.6,66.5,77.1,Disconnected
1/29/2026 6:12,67.6,66.4,77.2,Disconnected
1/29/2026 6:13,67.6,66.4,77.2,Disconnected
1/29/2026 6:14,67.6,66.4,77.2,Disconnected
1/29/2026 6:16,67.6,66.4,77.2,Disconnected
1/29/2026 6:17,67.6,66.4,77.2,Disconnected
1/29/2026 6:18,67.4,66.5,77.2,Disconnected
1/29/2026 6:19,67.4,66.5,77.2,Disconnected
1/29/2026 6:20,67.4,66.4,77.2,Disconnected
1/29/2026 6:21,67.4,66.4,77.2,Disconnected
1/29/2026 6:22,67.3,66.4,77.2,Disconnected
1/29/2026 6:24,67.3,66.4,77.2,Disconnected
1/29/2026 6:25,67.4,66.4,77.2,Disconnected
1/29/2026 6:26,67.3,66.4,77.2,Disconnected
1/29/2026 6:27,67.3,66.4,77.2,Disconnected
1/29/2026 6:28,67.4,66.4,77.2,Disconnected
1/29/2026 6:29,67.4,66.4,77.2,Disconnected
1/29/2026 6:30,67.4,66.3,77.2,Disconnected
1/29/2026 6:32,67.3,66.3,77.2,Disconnected
1/29/2026 6:33,67.4,66.4,77.2,Disconnected
1/29/2026 6:34,67.3,66.4,77.2,Disconnected
1/29/2026 6:35,67.3,66.3,77.2,Disconnected
1/29/2026 6:36,67.2,66.4,77.2,Disconnected
1/29/2026 6:37,67.2,66.3,77.2,Disconnected
1/29/2026 6:38,67.2,66.3,77.2,Disconnected
1/29/2026 6:40,67.2,66.3,77.2,Disconnected
1/29/2026 6:41,67.3,66.3,77.2,Disconnected
1/29/2026 6:42,67.3,66.3,77.2,Disconnected
1/29/2026 6:43,67.3,66.3,77.2,Disconnected
1/29/2026 6:44,67.2,66.3,77.2,Disconnected
1/29/2026 6:46,67.3,66.3,77.2,Disconnected
1/29/2026 6:47,67.2,66.2,77.2,Disconnected
1/29/2026 6:49,67.2,66.3,77.2,Disconnected
1/29/2026 6:50,67.1,66.3,77.2,Disconnected
1/29/2026 6:51,67,66.3,77.2,Disconnected
1/29/2026 6:53,67,66.2,77.2,Disconnected
1/29/2026 6:54,67.1,66.2,77.2,Disconnected
1/29/2026 6:55,67,66.2,77.2,Disconnected
1/29/2026 6:56,67,66.1,77.1,Disconnected
1/29/2026 6:57,67.1,66.2,77.1,Disconnected
1/29/2026 6:58,67.1,66.2,77.1,Disconnected
1/29/2026 6:59,67.1,66.2,77.2,Disconnected
1/29/2026 7:01,67,66.1,77.1,Disconnected
1/29/2026 7:02,67,66.2,77.1,Disconnected
1/29/2026 7:03,67,66.2,77.1,Disconnected
1/29/2026 7:04,67,66.1,77.1,Disconnected
1/29/2026 7:05,67,66.2,77.1,Disconnected
1/29/2026 7:06,67,66.2,77.1,Disconnected
1/29/2026 7:07,66.9,66.2,77.1,Disconnected
1/29/2026 7:08,67,66.2,77.1,Disconnected
1/29/2026 7:10,66.9,66.2,77.1,Disconnected
1/29/2026 7:11,66.9,66.2,77.1,Disconnected
1/29/2026 7:12,66.9,66.1,77.1,Disconnected
1/29/2026 7:13,66.9,66.1,77.1,Disconnected
1/29/2026 7:14,67,66,77.1,Disconnected
1/29/2026 7:15,67,66,77.1,Disconnected
1/29/2026 7:16,66.9,66.1,77.1,Disconnected
1/29/2026 7:18,66.9,66.1,77.1,Disconnected
1/29/2026 7:19,66.9,66.1,77.1,Disconnected
1/29/2026 7:20,66.8,66.1,77.1,Disconnected
1/29/2026 7:21,66.7,66.1,77.1,Disconnected
1/29/2026 7:22,66.7,66.1,77.1,Disconnected
1/29/2026 7:23,66.7,66.1,77.1,Disconnected
1/29/2026 7:24,66.7,66.1,77.1,Disconnected
1/29/2026 7:26,66.8,66,77.1,Disconnected
1/29/2026 7:27,66.8,66,77.1,Disconnected
1/29/2026 7:28,66.8,66,77.1,Disconnected
1/29/2026 7:29,66.8,66,77.1,Disconnected
1/29/2026 7:30,66.8,65.9,77.1,Disconnected
1/29/2026 7:31,66.7,65.9,77,Disconnected
1/29/2026 7:32,66.8,66,77.1,Disconnected
1/29/2026 7:34,66.7,66,77.1,Disconnected
1/29/2026 7:35,66.7,66,77.1,Disconnected
1/29/2026 7:36,66.7,66,77.1,Disconnected
1/29/2026 7:37,66.7,66,77.1,Disconnected
1/29/2026 7:38,66.7,66,77,Disconnected
1/29/2026 7:39,66.7,66,77.1,Disconnected
1/29/2026 7:40,66.5,66,77.1,Disconnected
1/29/2026 7:41,66.7,65.9,77.1,Disconnected
1/29/2026 7:43,66.7,65.9,77.1,Disconnected
1/29/2026 7:44,66.7,65.9,77.1,Disconnected
1/29/2026 7:45,66.5,65.8,77.1,Disconnected
1/29/2026 7:46,66.5,65.9,77,Disconnected
1/29/2026 7:47,66.5,65.8,77,Disconnected
1/29/2026 7:48,66.5,65.9,77,Disconnected
1/29/2026 7:49,66.5,65.9,77.1,Disconnected
1/29/2026 7:51,66.4,66,77.1,Disconnected
1/29/2026 7:52,66.4,66,77.1,Disconnected
1/29/2026 7:53,66.4,65.9,77,Disconnected
1/29/2026 7:54,66.5,65.8,77,Disconnected
1/29/2026 7:55,66.4,65.8,77,Disconnected
1/29/2026 7:56,66.5,65.9,77,Disconnected
1/29/2026 7:57,66.5,65.8,77,Disconnected
1/29/2026 7:59,66.7,65.8,77,Disconnected
1/29/2026 8:00,66.7,65.8,77.1,Disconnected
1/29/2026 8:01,66.7,65.8,77,Disconnected
1/29/2026 8:02,66.7,65.8,77,Disconnected
1/29/2026 8:03,66.7,65.9,77,Disconnected
1/29/2026 8:04,66.8,65.8,77,Disconnected
1/29/2026 8:05,66.8,65.9,77,Disconnected
1/29/2026 8:07,66.8,65.8,77,Disconnected
1/29/2026 8:08,66.9,65.8,77,Disconnected
1/29/2026 8:09,66.9,65.8,77,Disconnected
1/29/2026 8:10,66.9,65.9,77,Disconnected
1/29/2026 8:11,66.9,65.9,77,Disconnected
1/29/2026 8:12,66.9,65.9,77,Disconnected
1/29/2026 8:13,66.9,65.9,77,Disconnected
1/29/2026 8:15,66.9,65.9,77,Disconnected
1/29/2026 8:16,66.9,65.9,77,Disconnected
1/29/2026 8:17,66.9,66,77,Disconnected
1/29/2026 8:18,66.9,66,76.9,Disconnected
1/29/2026 8:19,66.9,65.9,77,Disconnected
1/29/2026 8:20,66.9,66,77,Disconnected
1/29/2026 8:21,66.9,66,77,Disconnected
1/29/2026 8:23,67,66,77,Disconnected
1/29/2026 8:24,67,66,77,Disconnected
1/29/2026 8:25,67,66.1,77,Disconnected
1/29/2026 8:26,67,66.1,77,Disconnected
1/29/2026 8:27,67,66.1,77,Disconnected
1/29/2026 8:29,67,66.1,77,Disconnected
1/29/2026 8:30,67.1,66,77,Disconnected
1/29/2026 8:31,67.1,66.1,77,Disconnected
1/29/2026 8:32,67,66.1,77,Disconnected
1/29/2026 8:33,67,66.1,77,Disconnected
1/29/2026 8:34,67.1,66.2,77,Disconnected
1/29/2026 8:35,67,66.2,77,Disconnected
1/29/2026 8:37,67,66.2,77,Disconnected
1/29/2026 8:38,66.9,66.2,77,Disconnected
1/29/2026 8:39,66.9,66.2,77,Disconnected
1/29/2026 8:40,66.9,66.2,77,Disconnected
1/29/2026 8:41,66.9,66.2,77,Disconnected
1/29/2026 8:42,66.9,66.3,77,Disconnected
1/29/2026 8:43,66.8,66.2,77,Disconnected
1/29/2026 8:45,66.8,66.3,77,Disconnected
1/29/2026 8:46,66.9,66.1,77,Disconnected
1/29/2026 8:47,66.9,66.1,77,Disconnected
1/29/2026 8:48,66.8,66.1,77,Disconnected
1/29/2026 8:49,66.8,66.1,77,Disconnected
1/29/2026 8:50,66.8,66.1,77,Disconnected
1/29/2026 8:51,66.8,66.1,77,Disconnected
1/29/2026 8:53,66.8,66.2,77,Disconnected
1/29/2026 8:54,66.7,66.1,77,Disconnected
1/29/2026 8:55,66.7,66,77,Disconnected
1/29/2026 8:56,66.7,66.1,77,Disconnected
1/29/2026 8:57,66.7,66.1,77,Disconnected
1/29/2026 8:58,66.7,66,77,Disconnected
1/29/2026 8:59,66.7,66.1,77,Disconnected
1/29/2026 9:01,66.5,66.1,77,Disconnected
1/29/2026 9:02,66.5,66.1,77,Disconnected
1/29/2026 9:03,66.5,66.1,77,Disconnected
1/29/2026 9:04,66.5,66.1,77,Disconnected
1/29/2026 9:05,66.5,66,77,Disconnected
1/29/2026 9:06,66.5,66,77,Disconnected
1/29/2026 9:07,66.5,66,77,Disconnected
1/29/2026 9:09,66.5,66.1,77,Disconnected
1/29/2026 9:10,66.7,65.9,77,Disconnected
1/29/2026 9:11,66.5,66,77,Disconnected
1/29/2026 9:12,66.7,65.9,77,Disconnected
1/29/2026 9:13,66.5,65.9,77,Disconnected
1/29/2026 9:14,66.7,65.9,77,Disconnected
1/29/2026 9:15,66.5,65.8,77,Disconnected
1/29/2026 9:17,66.5,65.8,77,Disconnected
1/29/2026 9:18,66.5,65.9,77,Disconnected
1/29/2026 9:19,66.5,65.9,77,Disconnected
1/29/2026 9:20,66.5,66,77,Disconnected
1/29/2026 9:21,66.5,66,77,Disconnected
1/29/2026 9:22,66.5,66,77,Disconnected
1/29/2026 9:23,66.4,66,77,Disconnected
1/29/2026 9:25,66.4,66,77,Disconnected
1/29/2026 9:26,66.4,65.8,77,Disconnected
1/29/2026 9:27,66.4,65.8,76.9,Disconnected
1/29/2026 9:28,66.5,65.8,77,Disconnected
1/29/2026 9:29,66.5,65.8,77,Disconnected
1/29/2026 9:31,66.5,65.6,76.9,Disconnected
1/29/2026 9:32,66.5,65.8,77,Disconnected
1/29/2026 9:33,66.5,65.8,77,Disconnected
1/29/2026 9:34,66.5,65.8,77,Disconnected
1/29/2026 9:35,66.7,65.8,77,Disconnected
1/29/2026 9:36,66.5,65.8,77,Disconnected
1/29/2026 9:37,66.7,65.8,77,Disconnected
1/29/2026 9:38,66.7,65.8,77,Disconnected
1/29/2026 9:40,66.8,65.8,77,Disconnected
1/29/2026 9:41,66.8,65.9,77,Disconnected
1/29/2026 9:42,66.8,65.9,76.9,Disconnected
1/29/2026 9:43,66.9,65.9,76.9,Disconnected
1/29/2026 9:44,66.8,66,77,Disconnected
1/29/2026 9:45,66.8,66,77,Disconnected
1/29/2026 9:47,66.9,66,77,Disconnected
1/29/2026 9:48,66.9,65.9,76.9,Disconnected
1/29/2026 9:49,66.8,66,77,Disconnected
1/29/2026 9:50,66.9,66,77,Disconnected
1/29/2026 9:51,66.9,66.1,77,Disconnected
1/29/2026 9:52,66.9,66,77,Disconnected
1/29/2026 9:53,66.8,66,77,Disconnected
1/29/2026 9:54,66.8,66.1,77,Disconnected
1/29/2026 9:56,66.8,66.1,77,Disconnected
1/29/2026 9:57,66.8,66.1,77,Disconnected
1/29/2026 9:58,66.7,66.1,77,Disconnected
1/29/2026 9:59,66.7,66.1,76.9,Disconnected
1/29/2026 10:00,66.7,66.1,77,Disconnected
1/29/2026 10:01,66.7,66.1,77,Disconnected
1/29/2026 10:02,66.7,66,77,Disconnected
1/29/2026 10:04,66.7,66,76.9,Disconnected
1/29/2026 10:05,66.5,66,77,Disconnected
1/29/2026 10:06,66.5,66,77,Disconnected
1/29/2026 10:07,66.4,66,77,Disconnected
1/29/2026 10:08,66.5,66.1,77,Disconnected
1/29/2026 10:09,66.5,66,76.9,Disconnected
1/29/2026 10:10,66.7,66,77,Disconnected
1/29/2026 10:12,66.7,66,76.9,Disconnected
1/29/2026 10:13,66.7,65.9,77,Disconnected
1/29/2026 10:14,66.7,65.9,77,Disconnected
1/29/2026 10:15,66.8,65.9,76.9,Disconnected
1/29/2026 10:16,66.7,65.9,76.9,Disconnected
1/29/2026 10:17,66.7,65.9,77,Disconnected
1/29/2026 10:19,66.5,66,77,Disconnected
1/29/2026 10:20,66.5,65.9,77,Disconnected
1/29/2026 10:21,66.5,66,76.9,Disconnected
1/29/2026 10:22,66.5,66,76.9,Disconnected
1/29/2026 10:23,66.4,66,76.9,Disconnected
1/29/2026 10:24,66.4,65.9,76.9,Disconnected
1/29/2026 10:25,66.4,65.9,76.9,Disconnected
1/29/2026 10:27,66.5,65.9,77,Disconnected
1/29/2026 10:28,66.4,65.9,76.9,Disconnected
1/29/2026 10:29,66.5,65.8,76.9,Disconnected
1/29/2026 10:30,66.5,65.8,76.9,Disconnected
1/29/2026 10:31,66.5,65.8,76.9,Disconnected
1/29/2026 10:32,66.4,65.8,76.9,Disconnected
1/29/2026 10:33,66.4,65.8,76.9,Disconnected
1/29/2026 10:34,66.4,65.8,76.9,Disconnected
1/29/2026 10:36,66.3,65.9,77,Disconnected
1/29/2026 10:37,66.3,65.9,76.9,Disconnected
1/29/2026 10:38,66.3,65.8,76.9,Disconnected
1/29/2026 10:39,66.3,65.8,76.9,Disconnected
1/29/2026 10:40,66.4,65.8,77,Disconnected
1/29/2026 10:41,66.4,65.8,76.9,Disconnected
1/29/2026 10:42,66.4,65.8,76.9,Disconnected
1/29/2026 10:43,66.4,65.6,76.8,Disconnected
1/29/2026 10:44,66.3,65.6,76.8,Disconnected
1/29/2026 10:46,66.3,65.6,76.9,Disconnected
1/29/2026 10:47,66.3,65.6,76.9,Disconnected
1/29/2026 10:48,66.3,65.6,76.9,Disconnected
1/29/2026 10:49,66.3,65.6,76.9,Disconnected
1/29/2026 10:50,66.3,65.8,76.9,Disconnected
1/29/2026 10:51,66.2,65.8,76.9,Disconnected
1/29/2026 10:52,66.2,65.9,76.9,Disconnected
1/29/2026 10:53,66.2,65.8,76.9,Disconnected
1/29/2026 10:54,66.2,65.8,76.9,Disconnected
1/29/2026 10:56,66.3,65.6,76.9,Disconnected
1/29/2026 10:57,66.2,65.6,76.9,Disconnected
1/29/2026 10:58,66.2,65.6,76.9,Disconnected
1/29/2026 10:59,66.2,65.5,76.8,Disconnected
1/29/2026 11:00,65.9,65,76.9,Disconnected
1/29/2026 11:01,65.8,64.8,76.9,Disconnected
1/29/2026 11:02,65.9,64.8,76.9,Disconnected
1/29/2026 11:03,65.5,64.4,76.9,Disconnected
1/29/2026 11:05,65.3,64.1,76.9,Disconnected
1/29/2026 11:06,65.1,63.8,76.9,Disconnected
1/29/2026 11:07,65.1,63.6,76.9,Disconnected
1/29/2026 11:08,65,63.6,76.9,Disconnected
1/29/2026 11:09,64.7,63.5,76.8,Disconnected
1/29/2026 11:10,64.6,63.4,76.9,Disconnected
1/29/2026 11:11,64.7,63.3,76.8,Disconnected
1/29/2026 11:12,64.6,63.3,76.8,Disconnected
1/29/2026 11:13,64.6,63.3,76.9,Disconnected
1/29/2026 11:15,64.5,63.3,76.8,Disconnected
1/29/2026 11:16,64.5,63.2,76.8,Disconnected
1/29/2026 11:17,64.5,63.2,76.8,Disconnected
1/29/2026 11:18,64.5,63.2,76.8,Disconnected
1/29/2026 11:19,64.5,63,76.8,Disconnected
1/29/2026 11:20,64.4,63,76.8,Disconnected
1/29/2026 11:21,64.4,63.2,76.8,Disconnected
1/29/2026 11:22,64.4,63,76.8,Disconnected
1/29/2026 11:24,64.4,62.9,76.8,Disconnected
1/29/2026 11:25,64.4,62.9,76.8,Disconnected
1/29/2026 11:26,64.4,62.9,76.8,Disconnected
1/29/2026 11:27,64.3,62.9,76.8,Disconnected
1/29/2026 11:28,64.2,62.9,76.8,Disconnected
1/29/2026 11:29,64.3,63,76.8,Disconnected
1/29/2026 11:30,64.3,63,76.8,Disconnected
1/29/2026 11:31,64.3,63,76.8,Disconnected
1/29/2026 11:32,64.3,63,76.8,Disconnected
1/29/2026 11:34,64.3,62.9,76.8,Disconnected
1/29/2026 11:35,64.2,62.9,76.8,Disconnected
1/29/2026 11:36,64.2,62.9,76.8,Disconnected
1/29/2026 11:37,64.3,62.9,76.8,Disconnected
1/29/2026 11:38,64.3,62.9,76.7,Disconnected
1/29/2026 11:39,64.2,63,76.8,Disconnected
1/29/2026 11:40,64.2,63,76.7,Disconnected
1/29/2026 11:41,64.3,63.2,76.7,Disconnected
1/29/2026 11:43,64.3,63.2,76.8,Disconnected
1/29/2026 11:44,64.3,63.3,76.8,Disconnected
1/29/2026 11:45,64.3,63.2,76.7,Disconnected
1/29/2026 11:46,64.4,63.3,76.8,Disconnected
1/29/2026 11:47,64.3,63.2,76.8,Disconnected
1/29/2026 11:48,64.3,63.2,76.7,Disconnected
1/29/2026 11:49,64.4,63.2,76.8,Disconnected
1/29/2026 11:50,64.3,63.2,76.7,Disconnected
1/29/2026 11:52,64.3,63,76.7,Disconnected
1/29/2026 11:53,64.3,63.2,76.7,Disconnected
1/29/2026 11:54,64.2,63.2,76.7,Disconnected
1/29/2026 11:55,64.3,63,76.7,Disconnected
1/29/2026 11:56,64.3,63.2,76.7,Disconnected
1/29/2026 11:57,64.3,63.3,76.7,Disconnected
1/29/2026 11:58,64.3,63.2,76.7,Disconnected
1/29/2026 11:59,64.3,63,76.7,Disconnected
1/29/2026 12:00,64.3,63,76.7,Disconnected
1/29/2026 12:02,64.2,63,76.7,Disconnected
1/29/2026 12:03,64.3,63,76.7,Disconnected
1/29/2026 12:04,64.2,63,76.7,Disconnected
1/29/2026 12:05,64.2,63,76.7,Disconnected
1/29/2026 12:06,64.2,63,76.7,Disconnected
1/29/2026 12:07,64.2,63,76.7,Disconnected
1/29/2026 12:08,64.3,63,76.7,Disconnected
1/29/2026 12:09,64.3,63,76.7,Disconnected
1/29/2026 12:11,64.3,63.2,76.7,Disconnected
1/29/2026 12:12,64.3,63.2,76.7,Disconnected
1/29/2026 12:13,64.3,63,76.7,Disconnected
1/29/2026 12:14,64.3,63.2,76.7,Disconnected
1/29/2026 12:15,64.3,63.2,76.7,Disconnected
1/29/2026 12:16,64.3,63.2,76.7,Disconnected
1/29/2026 12:17,64.4,63.3,76.7,Disconnected
1/29/2026 12:18,64.3,63.2,76.7,Disconnected
1/29/2026 12:19,64.3,63.2,76.7,Disconnected
1/29/2026 12:21,64.4,63.2,76.7,Disconnected
1/29/2026 12:22,64.4,63.3,76.7,Disconnected
1/29/2026 12:23,64.4,63.3,76.7,Disconnected
1/29/2026 12:24,64.3,63.2,76.7,Disconnected
1/29/2026 12:25,64.4,63.3,76.7,Disconnected
1/29/2026 12:26,64.4,63.2,76.7,Disconnected
1/29/2026 12:27,64.4,63.2,76.7,Disconnected
1/29/2026 12:28,64.4,63.2,76.7,Disconnected
1/29/2026 12:30,64.2,63.2,76.7,Disconnected
1/29/2026 12:31,64.3,63.3,76.6,Disconnected
1/29/2026 12:32,64.3,63.2,76.7,Disconnected
1/29/2026 12:33,64.4,63.2,76.6,Disconnected
1/29/2026 12:34,64.3,63.2,76.7,Disconnected
1/29/2026 12:35,64.3,63.2,76.7,Disconnected
1/29/2026 12:36,64.3,63.2,76.6,Disconnected
1/29/2026 12:37,64.3,63,76.6,Disconnected
1/29/2026 12:38,64.3,63,76.6,Disconnected
1/29/2026 12:40,64.3,63,76.6,Disconnected
1/29/2026 12:41,64.3,63.2,76.6,Disconnected
1/29/2026 12:42,64.2,63,76.6,Disconnected
1/29/2026 12:43,64.3,63,76.6,Disconnected
1/29/2026 12:44,64.2,63,76.6,Disconnected
1/29/2026 12:45,64.2,63,76.6,Disconnected
1/29/2026 12:46,64.2,62.9,76.6,Disconnected
1/29/2026 12:47,64.2,62.9,76.6,Disconnected
1/29/2026 12:49,64.2,62.9,76.6,Disconnected
1/29/2026 12:50,64.3,62.9,76.6,Disconnected
1/29/2026 12:51,64.3,62.9,76.6,Disconnected
1/29/2026 12:52,64.2,63,76.6,Disconnected
1/29/2026 12:53,64.3,62.9,76.6,Disconnected
1/29/2026 12:54,64.2,62.9,76.6,Disconnected
1/29/2026 12:55,64.2,62.9,76.6,Disconnected
1/29/2026 12:56,64.2,62.9,76.6,Disconnected
1/29/2026 12:57,64.1,62.8,76.6,Disconnected
1/29/2026 12:59,64.2,62.9,76.6,Disconnected
1/29/2026 13:00,64.1,62.8,76.6,Disconnected
1/29/2026 13:01,64.1,62.9,76.4,Disconnected
1/29/2026 13:02,64.1,62.8,76.6,Disconnected
1/29/2026 13:03,64.1,62.8,76.6,Disconnected
1/29/2026 13:04,64.1,62.9,76.6,Disconnected
1/29/2026 13:05,64.1,62.8,76.6,Disconnected
1/29/2026 13:06,64.1,62.8,76.6,Disconnected
1/29/2026 13:08,64.1,62.8,76.6,Disconnected
1/29/2026 13:09,64.1,62.9,76.6,Disconnected
1/29/2026 13:10,64.1,62.8,76.6,Disconnected
1/29/2026 13:11,64.1,62.9,76.6,Disconnected
1/29/2026 13:12,64.2,62.9,76.6,Disconnected
1/29/2026 13:13,64.1,62.8,76.6,Disconnected
1/29/2026 13:15,64.1,62.9,76.6,Disconnected
1/29/2026 13:16,64.1,62.8,76.6,Disconnected
1/29/2026 13:17,64,62.8,76.6,Disconnected
1/29/2026 13:18,64,62.9,76.6,Disconnected
1/29/2026 13:19,64.1,62.8,76.6,Disconnected
1/29/2026 13:20,64.1,62.8,76.6,Disconnected
1/29/2026 13:21,63.8,62.7,76.6,Disconnected
1/29/2026 13:22,64,62.8,76.4,Disconnected
1/29/2026 13:24,64,62.8,76.6,Disconnected
1/29/2026 13:25,64,62.8,76.6,Disconnected
1/29/2026 13:26,64,62.8,76.6,Disconnected
1/29/2026 13:27,64.1,62.8,76.6,Disconnected
1/29/2026 13:28,64.1,62.7,76.6,Disconnected
1/29/2026 13:29,64,62.8,76.6,Disconnected
1/29/2026 13:30,64,62.8,76.4,Disconnected
1/29/2026 13:31,64,62.7,76.4,Disconnected
1/29/2026 13:33,64,62.7,76.6,Disconnected
1/29/2026 13:34,64,62.7,76.6,Disconnected
1/29/2026 13:35,64,62.7,76.6,Disconnected
1/29/2026 13:36,64,62.8,76.6,Disconnected
1/29/2026 13:37,64,62.7,76.6,Disconnected
1/29/2026 13:38,64,62.8,76.4,Disconnected
1/29/2026 13:39,64.1,62.7,76.6,Disconnected
1/29/2026 13:40,64,62.7,76.4,Disconnected
1/29/2026 13:41,64,62.8,76.6,Disconnected
1/29/2026 13:43,64,62.8,76.6,Disconnected
1/29/2026 13:44,64,62.8,76.4,Disconnected
1/29/2026 13:45,64,62.8,76.6,Disconnected
1/29/2026 13:46,64,62.8,76.6,Disconnected
1/29/2026 13:47,64,62.7,76.6,Disconnected
1/29/2026 13:48,64,62.7,76.6,Disconnected
1/29/2026 13:49,64,62.8,76.4,Disconnected
1/29/2026 13:50,64,62.7,76.4,Disconnected
1/29/2026 13:52,64,62.8,76.4,Disconnected
1/29/2026 13:53,63.8,62.7,76.4,Disconnected
1/29/2026 13:54,64,62.7,76.4,Disconnected
1/29/2026 13:55,64,62.8,76.4,Disconnected
1/29/2026 13:56,64,62.7,76.6,Disconnected
1/29/2026 13:57,64,62.7,76.4,Disconnected
1/29/2026 13:58,63.8,62.8,76.4,Disconnected
1/29/2026 13:59,63.8,62.7,76.4,Disconnected
1/29/2026 14:01,64,62.7,76.4,Disconnected
1/29/2026 14:02,64,62.8,76.6,Disconnected
1/29/2026 14:03,64,62.7,76.4,Disconnected
1/29/2026 14:04,64,62.7,76.4,Disconnected
1/29/2026 14:05,64,62.8,76.4,Disconnected
1/29/2026 14:06,64,62.7,76.4,Disconnected
1/29/2026 14:07,64,62.7,76.4,Disconnected
1/29/2026 14:08,64,62.7,76.4,Disconnected
1/29/2026 14:09,64.1,62.7,76.4,Disconnected
1/29/2026 14:11,64.1,62.7,76.6,Disconnected
1/29/2026 14:12,64.2,62.7,76.4,Disconnected
1/29/2026 14:13,64.1,62.8,76.4,Disconnected
1/29/2026 14:14,64.1,62.7,76.6,Disconnected
1/29/2026 14:15,64.2,62.7,76.6,Disconnected
1/29/2026 14:16,64.2,62.8,76.4,Disconnected
1/29/2026 14:17,64.2,62.8,76.6,Disconnected
1/29/2026 14:18,64.3,62.8,76.4,Disconnected
1/29/2026 14:20,64.3,62.9,76.6,Disconnected
1/29/2026 14:21,64.3,63,76.4,Disconnected
1/29/2026 14:22,64.3,63,76.4,Disconnected
1/29/2026 14:23,64.3,63,76.4,Disconnected
1/29/2026 14:24,64.3,63.2,76.4,Disconnected
1/29/2026 14:25,64.4,63.2,76.4,Disconnected
1/29/2026 14:26,64.3,63.2,76.6,Disconnected
1/29/2026 14:27,64.4,63.2,76.4,Disconnected
1/29/2026 14:29,64.3,63.3,76.4,Disconnected
1/29/2026 14:30,64.5,63.2,76.6,Disconnected
1/29/2026 14:31,64.5,63.3,76.4,Disconnected
1/29/2026 14:32,64.4,63.3,76.4,Disconnected
1/29/2026 14:33,64.4,63.3,76.6,Disconnected
1/29/2026 14:34,64.4,63.4,76.4,Disconnected
1/29/2026 14:35,64.5,63.3,76.6,Disconnected
1/29/2026 14:36,64.5,63.4,76.6,Disconnected
1/29/2026 14:37,64.5,63.3,76.6,Disconnected
1/29/2026 14:39,64.5,63.4,76.6,Disconnected
1/29/2026 14:40,64.6,63.5,76.6,Disconnected
1/29/2026 14:41,64.6,63.5,76.6,Disconnected
1/29/2026 14:42,64.6,63.5,76.6,Disconnected
1/29/2026 14:43,64.6,63.4,76.6,Disconnected
1/29/2026 14:44,64.7,63.5,76.6,Disconnected
1/29/2026 14:45,64.6,63.5,76.6,Disconnected
1/29/2026 14:46,64.6,63.4,76.6,Disconnected
1/29/2026 14:48,64.7,63.5,76.6,Disconnected
1/29/2026 14:49,64.6,63.4,76.6,Disconnected
1/29/2026 14:50,64.6,63.4,76.6,Disconnected
1/29/2026 14:51,64.6,63.4,76.6,Disconnected
1/29/2026 14:52,64.6,63.3,76.6,Disconnected
1/29/2026 14:53,64.6,63.4,76.6,Disconnected
1/29/2026 14:54,64.6,63.4,76.6,Disconnected
1/29/2026 14:55,64.5,63.3,76.6,Disconnected
1/29/2026 14:56,64.6,63.4,76.6,Disconnected
1/29/2026 14:58,64.5,63.3,76.6,Disconnected
1/29/2026 14:59,64.5,63.3,76.6,Disconnected
1/29/2026 15:00,64.5,63.3,76.6,Disconnected
1/29/2026 15:01,64.5,63.3,76.7,Disconnected
1/29/2026 15:02,64.5,63.3,76.7,Disconnected
1/29/2026 15:03,64.5,63.2,76.6,Disconnected
1/29/2026 15:04,64.4,63.2,76.6,Disconnected
1/29/2026 15:05,64.5,63.3,76.7,Disconnected
1/29/2026 15:06,64.4,63.3,76.7,Disconnected
1/29/2026 15:08,64.4,63.3,76.7,Disconnected
1/29/2026 15:09,64.4,63.2,76.6,Disconnected
1/29/2026 15:10,64.4,63.2,76.7,Disconnected
1/29/2026 15:11,64.4,63,76.7,Disconnected
1/29/2026 15:12,64.4,63,76.7,Disconnected
1/29/2026 15:13,64.5,63.2,76.7,Disconnected
1/29/2026 15:14,64.4,63,76.7,Disconnected
1/29/2026 15:15,64.6,63.3,76.7,Disconnected
1/29/2026 15:17,64.6,63.3,76.7,Disconnected
1/29/2026 15:18,64.6,63.3,76.7,Disconnected
1/29/2026 15:19,64.6,63.3,76.7,Disconnected
1/29/2026 15:20,64.6,63.3,76.7,Disconnected
1/29/2026 15:21,64.6,63.4,76.7,Disconnected
1/29/2026 15:22,64.7,63.4,76.7,Disconnected
1/29/2026 15:23,64.6,63.4,76.7,Disconnected
1/29/2026 15:24,64.7,63.4,76.7,Disconnected
1/29/2026 15:26,64.7,63.4,76.7,Disconnected
1/29/2026 15:27,64.7,63.4,76.7,Disconnected
1/29/2026 15:28,64.8,63.4,76.8,Disconnected
1/29/2026 15:29,64.7,63.5,76.7,Disconnected
1/29/2026 15:30,64.8,63.4,76.8,Disconnected
1/29/2026 15:31,64.7,63.4,76.7,Disconnected
1/29/2026 15:32,64.8,63.4,76.8,Disconnected
1/29/2026 15:33,64.8,63.4,76.8,Disconnected
1/29/2026 15:34,64.8,63.5,76.8,Disconnected
1/29/2026 15:36,64.8,63.5,76.7,Disconnected
1/29/2026 15:37,64.8,63.6,76.7,Disconnected
1/29/2026 15:38,65.1,63.8,76.8,Disconnected
1/29/2026 15:39,65.2,64.1,76.7,Disconnected
1/29/2026 15:40,65.4,64.1,76.8,Disconnected
1/29/2026 15:41,65.5,64.4,76.8,Disconnected
1/29/2026 15:42,65.8,64.5,76.8,Disconnected
1/29/2026 15:43,65.8,64.5,76.8,Disconnected
1/29/2026 15:45,66,64.7,76.8,Disconnected
1/29/2026 15:46,66.1,64.7,76.8,Disconnected
1/29/2026 15:47,66,64.8,76.8,Disconnected
1/29/2026 15:48,66,64.8,76.8,Disconnected
1/29/2026 15:49,66.1,65,76.8,Disconnected
1/29/2026 15:50,66,65,76.8,Disconnected
1/29/2026 15:51,66,65.1,76.8,Disconnected
1/29/2026 15:52,66.1,65,76.8,Disconnected
1/29/2026 15:54,66,65.2,76.8,Disconnected
1/29/2026 15:55,66,65.1,76.8,Disconnected
1/29/2026 15:56,66.1,65.2,76.8,Disconnected
1/29/2026 15:57,66.1,65.2,76.8,Disconnected
1/29/2026 15:58,66.1,65.2,76.8,Disconnected
1/29/2026 15:59,66,65.3,76.8,Disconnected
1/29/2026 16:00,66,65.3,76.8,Disconnected
1/29/2026 16:01,66.1,65.3,76.8,Disconnected
1/29/2026 16:02,66.1,65.3,76.8,Disconnected
1/29/2026 16:04,66.1,65.3,76.8,Disconnected
1/29/2026 16:05,66.1,65.3,76.8,Disconnected
1/29/2026 16:06,66.1,65.3,76.8,Disconnected
1/29/2026 16:07,66.1,65.2,76.8,Disconnected
1/29/2026 16:08,66.1,65.3,76.8,Disconnected
1/29/2026 16:09,66.1,65.3,76.8,Disconnected
1/29/2026 16:10,66.1,65.3,76.9,Disconnected
1/29/2026 16:11,66.2,65.3,76.8,Disconnected
1/29/2026 16:13,66.1,65.3,76.8,Disconnected
1/29/2026 16:14,66.2,65.3,76.9,Disconnected
1/29/2026 16:15,66.1,65.3,76.9,Disconnected
1/29/2026 16:16,66.2,65.3,76.9,Disconnected
1/29/2026 16:17,66.2,65.4,76.9,Disconnected
1/29/2026 16:18,66.2,65.4,76.9,Disconnected
1/29/2026 16:19,66.2,65.4,76.9,Disconnected
1/29/2026 16:20,66.2,65.4,76.8,Disconnected
1/29/2026 16:22,66.2,65.4,76.8,Disconnected
1/29/2026 16:23,66.2,65.4,76.9,Disconnected
1/29/2026 16:24,66.1,65.4,76.9,Disconnected
1/29/2026 16:25,66.1,65.4,76.9,Disconnected
1/29/2026 16:26,66.1,65.4,76.9,Disconnected
1/29/2026 16:27,66.2,65.3,76.8,Disconnected
1/29/2026 16:28,66.1,65.3,76.9,Disconnected
1/29/2026 16:29,66.1,65.4,76.9,Disconnected
1/29/2026 16:30,66.2,65.3,76.9,Disconnected
1/29/2026 16:32,66.1,65.4,76.9,Disconnected
1/29/2026 16:33,66.1,65.4,76.9,Disconnected
1/29/2026 16:34,66.1,65.3,76.9,Disconnected
1/29/2026 16:35,66.2,65.3,76.9,Disconnected
1/29/2026 16:36,66.2,65.4,76.9,Disconnected
1/29/2026 16:37,66.2,65.4,76.9,Disconnected
1/29/2026 16:38,66.1,65.4,76.9,Disconnected
1/29/2026 16:39,66.1,65.4,76.9,Disconnected
1/29/2026 16:41,66.1,65.4,76.9,Disconnected
1/29/2026 16:42,66.1,65.4,76.9,Disconnected
1/29/2026 16:43,66.2,65.4,76.9,Disconnected
1/29/2026 16:44,Disconnected,65.4,76.9,Disconnected
1/29/2026 16:45,66.2,65.3,76.9,Disconnected
1/29/2026 16:46,66.2,65.4,76.9,Disconnected
1/29/2026 16:47,66.2,65.3,76.9,Disconnected
1/29/2026 16:48,66.2,65.4,76.9,Disconnected
1/29/2026 16:50,66.2,65.4,76.9,Disconnected
1/29/2026 16:51,66.2,65.4,76.9,Disconnected
1/29/2026 16:52,66.1,65.5,76.9,Disconnected
1/29/2026 16:53,66.1,65.4,76.9,Disconnected
1/29/2026 16:54,66.1,65.5,76.9,Disconnected
1/29/2026 16:55,66.1,65.4,77,Disconnected
1/29/2026 16:56,66.1,65.4,76.9,Disconnected
1/29/2026 16:58,66.2,65.4,77,Disconnected
1/29/2026 16:59,66.1,65.3,77,Disconnected
1/29/2026 17:00,66.2,65.2,77,Disconnected
1/29/2026 17:01,66.1,65.3,77,Disconnected
1/29/2026 17:02,66.2,65.3,77,Disconnected
1/29/2026 17:03,66.1,65.4,77,Disconnected
1/29/2026 17:04,66.1,65.4,77,Disconnected
1/29/2026 17:05,66.1,65.4,77,Disconnected
1/29/2026 17:07,66.1,65.4,77,Disconnected
1/29/2026 17:08,66.1,65.3,77,Disconnected
1/29/2026 17:09,66,65.4,77,Disconnected
1/29/2026 17:10,66.1,65.4,77,Disconnected
1/29/2026 17:11,66,65.3,77,Disconnected
1/29/2026 17:12,66.1,65.4,77,Disconnected
1/29/2026 17:13,66,65.3,77,Disconnected
1/29/2026 17:14,66.1,65.3,77,Disconnected
1/29/2026 17:15,66.1,65.3,77,Disconnected
1/29/2026 17:17,66.1,65.3,77,Disconnected
1/29/2026 17:18,66.1,65.3,77,Disconnected
1/29/2026 17:19,66.1,65.3,77,Disconnected
1/29/2026 17:20,66.2,65.3,77,Disconnected
1/29/2026 17:21,66.1,65.4,77,Disconnected
1/29/2026 17:22,66.2,65.4,77.1,Disconnected
1/29/2026 17:23,66.2,65.4,77.1,Disconnected
1/29/2026 17:24,66.2,65.4,77,Disconnected
1/29/2026 17:26,66.3,65.4,77.1,Disconnected
1/29/2026 17:27,66.3,65.5,77,Disconnected
1/29/2026 17:28,66.3,65.4,77.1,Disconnected
1/29/2026 17:29,66.4,65.4,77.1,Disconnected
1/29/2026 17:30,66.4,65.5,77,Disconnected
1/29/2026 17:31,66.5,65.5,77.1,Disconnected
1/29/2026 17:32,66.5,65.5,77.1,Disconnected
1/29/2026 17:33,66.4,65.6,77.1,Disconnected
1/29/2026 17:35,66.4,65.5,77.1,Disconnected
1/29/2026 17:36,66.4,65.6,77.1,Disconnected
1/29/2026 17:37,66.2,65.2,77.1,Disconnected
1/29/2026 17:38,65.9,64.7,77.1,Disconnected
1/29/2026 17:39,65.6,64.3,77.1,Disconnected
1/29/2026 17:40,65.5,64.2,77.1,Disconnected
1/29/2026 17:41,65.4,64,77.1,Disconnected
1/29/2026 17:42,65.3,63.8,77.1,Disconnected
1/29/2026 17:43,65.2,63.7,77.1,Disconnected
1/29/2026 17:45,65.2,63.8,77.1,Disconnected
1/29/2026 17:46,65.1,63.7,77.1,Disconnected
1/29/2026 17:47,65.1,63.6,77.1,Disconnected
1/29/2026 17:48,65.1,63.6,77.1,Disconnected
1/29/2026 17:49,65,63.5,77.1,Disconnected
1/29/2026 17:50,65,63.5,77.1,Disconnected
1/29/2026 17:51,65,63.5,77.1,Disconnected
1/29/2026 17:52,64.8,63.4,77.1,Disconnected
1/29/2026 17:54,64.8,63.5,77.1,Disconnected
1/29/2026 17:55,64.8,63.4,77.1,Disconnected
1/29/2026 17:56,64.8,63.4,77.1,Disconnected
1/29/2026 17:57,64.7,63.4,77.1,Disconnected
1/29/2026 17:58,64.7,63.4,77.1,Disconnected
1/29/2026 17:59,64.6,63.3,77.1,Disconnected
1/29/2026 18:00,64.6,63.4,77.1,Disconnected
1/29/2026 18:01,64.6,63.3,77.1,Disconnected
1/29/2026 18:03,64.7,63.3,77.1,Disconnected
1/29/2026 18:04,64.6,63.4,77.1,Disconnected
1/29/2026 18:05,64.7,63.4,77.1,Disconnected
1/29/2026 18:06,64.7,63.4,77.1,Disconnected
1/29/2026 18:07,64.7,63.4,77.1,Disconnected
1/29/2026 18:08,64.7,63.4,77.2,Disconnected
1/29/2026 18:09,64.7,63.4,77.1,Disconnected
1/29/2026 18:10,64.7,63.5,77.1,Disconnected
1/29/2026 18:11,64.7,63.4,77.1,Disconnected
1/29/2026 18:13,64.7,63.4,77.1,Disconnected
1/29/2026 18:14,64.8,63.4,77.1,Disconnected
1/29/2026 18:15,64.8,63.5,77.2,Disconnected
1/29/2026 18:16,64.8,63.4,77.2,Disconnected
1/29/2026 18:17,64.7,63.5,77.2,Disconnected
1/29/2026 18:18,65,63.5,77.2,Disconnected
1/29/2026 18:19,64.8,63.6,77.1,Disconnected
1/29/2026 18:20,64.8,63.5,77.2,Disconnected
1/29/2026 18:22,65,63.5,77.1,Disconnected
1/29/2026 18:23,65,63.5,77.2,Disconnected
1/29/2026 18:24,65,63.5,77.2,Disconnected
1/29/2026 18:25,65,63.6,77.2,Disconnected
1/29/2026 18:26,65,63.6,77.2,Disconnected
1/29/2026 18:27,64.8,63.6,77.2,Disconnected
1/29/2026 18:28,64.8,63.6,77.2,Disconnected
1/29/2026 18:29,64.8,63.6,77.2,Disconnected
1/29/2026 18:31,65,63.6,77.2,Disconnected
1/29/2026 18:32,64.8,63.6,77.2,Disconnected
1/29/2026 18:33,64.8,63.6,77.2,Disconnected
1/29/2026 18:34,64.8,63.6,77.2,Disconnected
1/29/2026 18:35,64.7,63.6,77.2,Disconnected
1/29/2026 18:36,64.8,63.6,77.2,Disconnected
1/29/2026 18:37,64.8,63.6,77.2,Disconnected
1/29/2026 18:38,64.8,63.5,77.2,Disconnected
1/29/2026 18:39,64.8,63.5,77.2,Disconnected
1/29/2026 18:41,64.8,63.5,77.2,Disconnected
1/29/2026 18:42,64.8,63.6,77.2,Disconnected
1/29/2026 18:43,64.8,63.5,77.2,Disconnected
1/29/2026 18:44,64.8,63.5,77.2,Disconnected
1/29/2026 18:45,64.8,63.5,77.2,Disconnected
1/29/2026 18:46,64.8,63.6,77.2,Disconnected
1/29/2026 18:48,64.8,63.5,77.2,Disconnected
1/29/2026 18:49,64.8,63.5,77.2,Disconnected
1/29/2026 18:50,64.8,63.6,77.2,Disconnected
1/29/2026 18:52,65,63.7,77.2,Disconnected
1/29/2026 18:53,65,63.7,77.2,Disconnected
1/29/2026 18:54,64.8,63.6,77.2,Disconnected
1/29/2026 18:55,64.8,63.5,77.2,Disconnected
1/29/2026 18:57,64.7,63.6,77.2,Disconnected
1/29/2026 18:58,64.6,63.5,77.2,Disconnected
1/29/2026 18:59,64.6,63.4,77.2,Disconnected
1/29/2026 19:00,64.7,63.5,77.2,Disconnected
1/29/2026 19:01,64.6,63.5,77.2,Disconnected
1/29/2026 19:02,64.6,63.4,77.2,Disconnected
1/29/2026 19:03,64.5,63.5,77.2,Disconnected
1/29/2026 19:04,64.6,63.4,77.2,Disconnected
1/29/2026 19:06,64.5,63.4,77.2,Disconnected
1/29/2026 19:07,64.6,63.4,77.2,Disconnected
1/29/2026 19:08,64.5,63.4,77.2,Disconnected
1/29/2026 19:09,64.5,63.3,77.2,Disconnected
1/29/2026 19:10,64.5,63.3,77.2,Disconnected
1/29/2026 19:11,64.5,63.3,77.2,Disconnected
1/29/2026 19:12,64.5,63.3,77.2,Disconnected
1/29/2026 19:13,64.5,63.3,77.2,Disconnected
1/29/2026 19:14,64.4,63.3,77.2,Disconnected
1/29/2026 19:16,64.4,63.3,77.2,Disconnected
1/29/2026 19:17,64.5,63.3,77.2,Disconnected
1/29/2026 19:18,64.4,63.3,77.2,Disconnected
1/29/2026 19:19,64.4,63.3,77.2,Disconnected
1/29/2026 19:20,64.4,63.3,77.2,Disconnected
1/29/2026 19:21,64.5,63.3,77.2,Disconnected
1/29/2026 19:22,64.4,63.3,77.1,Disconnected
1/29/2026 19:23,64.5,63.4,77.2,Disconnected
1/29/2026 19:24,64.4,63.3,77.2,Disconnected
1/29/2026 19:26,64.5,63.3,77.2,Disconnected
1/29/2026 19:27,64.5,63.3,77.2,Disconnected
1/29/2026 19:28,64.5,63.4,77.2,Disconnected
1/29/2026 19:29,64.5,63.5,77.2,Disconnected
1/29/2026 19:30,64.5,63.3,77.2,Disconnected
1/29/2026 19:31,64.6,63.3,77.2,Disconnected
1/29/2026 19:32,64.6,63.5,77.2,Disconnected
1/29/2026 19:33,64.6,63.4,77.2,Disconnected
1/29/2026 19:35,64.6,63.5,77.2,Disconnected
1/29/2026 19:36,64.6,63.4,77.2,Disconnected
1/29/2026 19:37,64.6,63.4,77.2,Disconnected
1/29/2026 19:38,64.7,63.5,77.2,Disconnected
1/29/2026 19:39,64.7,63.5,77.2,Disconnected
1/29/2026 19:40,64.7,63.5,77.2,Disconnected
1/29/2026 19:41,64.6,63.6,77.2,Disconnected
1/29/2026 19:42,64.7,63.5,77.2,Disconnected
1/29/2026 19:43,64.7,63.6,77.2,Disconnected
1/29/2026 19:45,64.7,63.6,77.2,Disconnected
1/29/2026 19:46,64.8,63.5,77.2,Disconnected
1/29/2026 19:49,64.8,63.6,77.2,Disconnected
1/29/2026 19:50,64.8,63.6,77.3,Disconnected
1/29/2026 19:51,64.8,63.6,77.3,Disconnected
1/29/2026 19:52,64.8,63.7,77.2,Disconnected
1/29/2026 19:53,64.8,63.7,77.2,Disconnected
1/29/2026 19:54,64.8,63.7,77.2,Disconnected
1/29/2026 19:55,64.8,63.7,77.2,Disconnected
1/29/2026 19:57,64.8,63.7,77.2,Disconnected
1/29/2026 19:58,64.8,63.7,77.2,Disconnected
1/29/2026 19:59,64.8,63.7,77.2,Disconnected
1/29/2026 20:00,64.8,63.6,77.2,Disconnected
1/29/2026 20:01,64.8,63.6,77.2,Disconnected
1/29/2026 20:02,64.8,63.6,77.3,Disconnected
1/29/2026 20:03,64.7,63.6,77.2,Disconnected
1/29/2026 20:04,64.7,63.6,77.2,Disconnected
1/29/2026 20:05,64.7,63.6,77.2,Disconnected
1/29/2026 20:07,64.8,63.6,77.2,Disconnected
1/29/2026 20:08,64.7,63.6,77.2,Disconnected
1/29/2026 20:09,64.7,63.7,77.2,Disconnected
1/29/2026 20:10,64.8,63.6,77.2,Disconnected
1/29/2026 20:11,64.8,63.6,77.2,Disconnected
1/29/2026 20:12,64.8,63.7,77.2,Disconnected
1/29/2026 20:13,64.8,63.7,77.2,Disconnected
1/29/2026 20:14,65,63.6,77.3,Disconnected
1/29/2026 20:16,64.8,63.7,77.3,Disconnected
1/29/2026 20:17,64.8,63.7,77.3,Disconnected
1/29/2026 20:18,64.8,63.7,77.2,Disconnected
1/29/2026 20:19,64.8,63.7,77.3,Disconnected
1/29/2026 20:20,65,63.7,77.3,Disconnected
1/29/2026 20:21,64.8,63.7,77.2,Disconnected
1/29/2026 20:22,64.8,63.8,77.3,Disconnected
1/29/2026 20:23,65,63.7,77.3,Disconnected
1/29/2026 20:25,65,63.7,77.2,Disconnected
1/29/2026 20:26,65,63.7,77.2,Disconnected
1/29/2026 20:27,65,63.7,77.3,Disconnected
1/29/2026 20:28,64.8,63.8,77.3,Disconnected
1/29/2026 20:29,65,63.7,77.2,Disconnected
1/29/2026 20:30,65,63.8,77.3,Disconnected
1/29/2026 20:31,65,63.7,77.3,Disconnected
1/29/2026 20:32,65,63.8,77.3,Disconnected
1/29/2026 20:34,65.1,63.8,77.3,Disconnected
1/29/2026 20:35,65,63.7,77.3,Disconnected
1/29/2026 20:36,65.1,63.8,77.3,Disconnected
1/29/2026 20:37,65.1,63.8,77.3,Disconnected
1/29/2026 20:38,65.1,63.8,77.3,Disconnected
1/29/2026 20:39,65.1,63.8,77.3,Disconnected
1/29/2026 20:40,65.2,63.8,77.2,Disconnected
1/29/2026 20:41,65.2,63.8,77.3,Disconnected
1/29/2026 20:42,65.2,63.8,77.3,Disconnected
1/29/2026 20:44,65.2,63.8,77.3,Disconnected
1/29/2026 20:45,65.2,64,77.3,Disconnected
1/29/2026 20:46,65.1,64,77.3,Disconnected
1/29/2026 20:47,65.2,64,77.3,Disconnected
1/29/2026 20:48,65.2,64,77.3,Disconnected
1/29/2026 20:49,65.2,64,77.3,Disconnected
1/29/2026 20:50,65.3,63.8,77.2,Disconnected
1/29/2026 20:51,65.3,64,77.3,Disconnected
1/29/2026 20:53,65.3,64.1,77.3,Disconnected
1/29/2026 20:54,65.3,64,77.3,Disconnected
1/29/2026 20:55,65.3,64,77.3,Disconnected
1/29/2026 20:56,65.4,64.1,77.3,Disconnected
1/29/2026 20:57,65.3,64.1,77.3,Disconnected
1/29/2026 20:58,65.3,64.1,77.3,Disconnected
1/29/2026 20:59,65.4,64.1,77.4,Disconnected
1/29/2026 21:00,65.4,64.1,77.3,Disconnected
1/29/2026 21:01,65.3,64.1,77.3,Disconnected
1/29/2026 21:03,65.3,64,77.3,Disconnected
1/29/2026 21:04,65.3,64.1,77.3,Disconnected
1/29/2026 21:05,65.3,64.1,77.3,Disconnected
1/29/2026 21:06,65.3,64.1,77.3,Disconnected
1/29/2026 21:07,65.4,64.1,77.4,Disconnected
1/29/2026 21:08,65.4,64.1,77.4,Disconnected
1/29/2026 21:09,65.4,64.1,77.3,Disconnected
1/29/2026 21:10,65.4,64.1,77.3,Disconnected
1/29/2026 21:12,65.4,64.1,77.4,Disconnected
1/29/2026 21:13,65.4,64.1,77.3,Disconnected
1/29/2026 21:14,65.3,64.1,77.3,Disconnected
1/29/2026 21:15,65.3,64.2,77.3,Disconnected
1/29/2026 21:16,65.4,64.1,77.4,Disconnected
1/29/2026 21:17,65.4,64.2,77.3,Disconnected
1/29/2026 21:18,65.3,64.2,77.3,Disconnected
1/29/2026 21:19,65.3,64.2,77.4,Disconnected
1/29/2026 21:21,65.3,64.1,77.4,Disconnected
1/29/2026 21:22,65.3,64.2,77.4,Disconnected
1/29/2026 21:23,65.2,64.1,77.4,Disconnected
1/29/2026 21:24,65.3,64.1,77.3,Disconnected
1/29/2026 21:25,65.2,64.1,77.4,Disconnected
1/29/2026 21:26,65.2,64,77.4,Disconnected
1/29/2026 21:27,65.2,64.1,77.3,Disconnected
1/29/2026 21:28,65.2,64.1,77.3,Disconnected
1/29/2026 21:30,65.3,64,77.3,Disconnected
1/29/2026 21:31,65.2,64,77.3,Disconnected
1/29/2026 21:32,65.2,64,77.4,Disconnected
1/29/2026 21:33,65.2,64.1,77.4,Disconnected
1/29/2026 21:34,65.2,64.1,77.4,Disconnected
1/29/2026 21:35,65.2,64,77.3,Disconnected
1/29/2026 21:36,65.1,64,77.3,Disconnected
1/29/2026 21:37,65.2,64.1,77.4,Disconnected
1/29/2026 21:39,65.2,64,77.3,Disconnected
1/29/2026 21:40,65.2,64,77.3,Disconnected
1/29/2026 21:41,65.1,63.8,77.3,Disconnected
1/29/2026 21:42,65.2,64,77.3,Disconnected
1/29/2026 21:43,65.2,64,77.3,Disconnected
1/29/2026 21:44,65.2,64,77.4,Disconnected
1/29/2026 21:45,65.2,64,77.3,Disconnected
1/29/2026 21:46,65.2,63.8,77.3,Disconnected
1/29/2026 21:47,65.2,64,77.4,Disconnected
1/29/2026 21:49,65.2,64,77.4,Disconnected
1/29/2026 21:50,65.2,64.1,77.4,Disconnected
1/29/2026 21:51,65.3,64,77.4,Disconnected
1/29/2026 21:52,65.2,64.1,77.4,Disconnected
1/29/2026 21:53,65.2,64.1,77.3,Disconnected
1/29/2026 21:54,65.2,64.1,77.4,Disconnected
1/29/2026 21:55,65.3,64.1,77.4,Disconnected
1/29/2026 21:56,65.3,64.1,77.4,Disconnected
1/29/2026 21:58,65.3,64,77.4,Disconnected
1/29/2026 21:59,65.3,64.1,77.4,Disconnected
1/29/2026 22:00,65.3,64,77.4,Disconnected
1/29/2026 22:01,65.3,64.1,77.4,Disconnected
1/29/2026 22:02,65.3,64.1,77.4,Disconnected
1/29/2026 22:03,65.3,64.1,77.3,Disconnected
1/29/2026 22:04,65.3,64.2,77.4,Disconnected
1/29/2026 22:05,65.3,64.1,77.4,Disconnected
1/29/2026 22:07,65.4,64.1,77.4,Disconnected
1/29/2026 22:08,65.4,64.2,77.4,Disconnected
1/29/2026 22:09,65.4,64.1,77.4,Disconnected
1/29/2026 22:10,65.4,64.2,77.4,Disconnected
1/29/2026 22:11,65.4,64.1,77.3,Disconnected
1/29/2026 22:12,65.4,64.2,77.4,Disconnected
1/29/2026 22:13,65.4,64.1,77.4,Disconnected
1/29/2026 22:14,65.4,64.1,77.4,Disconnected
1/29/2026 22:16,65.4,64.1,77.4,Disconnected
1/29/2026 22:17,65.4,64.2,77.4,Disconnected
1/29/2026 22:18,65.4,64.2,77.4,Disconnected
1/29/2026 22:19,65.5,64.2,77.4,Disconnected
1/29/2026 22:20,65.5,64.3,77.4,Disconnected
1/29/2026 22:21,65.5,64.2,77.4,Disconnected
1/29/2026 22:22,65.5,64.2,77.4,Disconnected
1/29/2026 22:23,65.5,64.2,77.4,Disconnected
1/29/2026 22:24,65.5,64.3,77.4,Disconnected
1/29/2026 22:26,65.5,64.2,77.4,Disconnected
1/29/2026 22:27,65.5,64.2,77.4,Disconnected
1/29/2026 22:28,65.4,64.2,77.4,Disconnected
1/29/2026 22:29,65.5,64.2,77.4,Disconnected
1/29/2026 22:30,65.5,64.1,77.4,Disconnected
1/29/2026 22:31,65.4,64.2,77.4,Disconnected
1/29/2026 22:32,65.4,64.1,77.4,Disconnected
1/29/2026 22:33,65.4,64.2,77.4,Disconnected
1/29/2026 22:35,65.4,64,77.4,Disconnected
1/29/2026 22:36,65.3,64.1,77.4,Disconnected
1/29/2026 22:37,65.4,64.2,77.3,Disconnected
1/29/2026 22:38,65.4,64.1,77.3,Disconnected
1/29/2026 22:39,Disconnected,64,77.4,Disconnected
1/29/2026 22:40,65.4,64.1,77.3,Disconnected
1/29/2026 22:41,65.2,64,77.4,Disconnected
1/29/2026 22:42,65.3,64,77.4,Disconnected
1/29/2026 22:44,65.3,64,77.4,Disconnected
1/29/2026 22:45,65.2,64,77.4,Disconnected
1/29/2026 22:46,65.3,64,77.3,Disconnected
1/29/2026 22:47,65.2,64,77.3,Disconnected
1/29/2026 22:48,65.2,64,77.4,Disconnected
1/29/2026 22:49,65.1,64,77.4,Disconnected
1/29/2026 22:50,65.1,63.8,77.3,Disconnected
1/29/2026 22:51,65.1,63.8,77.3,Disconnected
1/29/2026 22:53,65.1,63.8,77.3,Disconnected
1/29/2026 22:54,65.1,64,77.4,Disconnected
1/29/2026 22:55,65.1,64,77.3,Disconnected
1/29/2026 22:56,65.1,64,77.3,Disconnected
1/29/2026 22:57,65.1,63.8,77.3,Disconnected
1/29/2026 22:58,65.1,63.8,77.3,Disconnected
1/29/2026 22:59,65.1,63.8,77.3,Disconnected
1/29/2026 23:00,65.1,63.8,77.3,Disconnected
1/29/2026 23:01,65,63.8,77.3,Disconnected
1/29/2026 23:03,65,63.8,77.3,Disconnected
1/29/2026 23:04,65.1,63.7,77.3,Disconnected
1/29/2026 23:05,65,63.8,77.3,Disconnected
1/29/2026 23:06,64.8,63.7,77.3,Disconnected
1/29/2026 23:07,65,63.7,77.3,Disconnected
1/29/2026 23:08,64.8,63.8,77.3,Disconnected
1/29/2026 23:09,65,63.7,77.3,Disconnected
1/29/2026 23:10,65,63.7,77.3,Disconnected
1/29/2026 23:12,65,63.7,77.2,Disconnected
1/29/2026 23:13,65,63.8,77.3,Disconnected
1/29/2026 23:14,65,63.8,77.3,Disconnected
1/29/2026 23:15,65.1,63.7,77.3,Disconnected
1/29/2026 23:16,65,63.8,77.3,Disconnected
1/29/2026 23:17,65.1,63.8,77.3,Disconnected
1/29/2026 23:18,65.1,63.8,77.3,Disconnected
1/29/2026 23:19,65.1,63.8,77.3,Disconnected
1/29/2026 23:20,65.2,64,77.3,Disconnected
1/29/2026 23:22,65.1,63.8,77.3,Disconnected
1/29/2026 23:23,65.2,64,77.3,Disconnected
1/29/2026 23:24,65.1,63.8,77.3,Disconnected
1/29/2026 23:25,65.2,64,77.3,Disconnected
1/29/2026 23:26,65.2,63.8,77.3,Disconnected
1/29/2026 23:27,65.2,63.8,77.3,Disconnected
1/29/2026 23:28,65.2,64,77.3,Disconnected
1/29/2026 23:29,65.3,64.1,77.2,Disconnected
1/29/2026 23:31,65.4,64.2,77.3,Disconnected
1/29/2026 23:32,65.6,64.4,77.3,Disconnected
1/29/2026 23:33,65.6,64.5,77.3,Disconnected
1/29/2026 23:34,65.8,64.7,77.3,Disconnected
1/29/2026 23:35,66,64.7,77.3,Disconnected
1/29/2026 23:36,66.1,64.8,77.3,Disconnected
1/29/2026 23:37,66.1,65,77.3,Disconnected
1/29/2026 23:38,66.1,65,77.3,Disconnected
1/29/2026 23:39,66.2,65.1,77.3,Disconnected
1/29/2026 23:41,66.3,65.2,77.3,Disconnected
1/29/2026 23:42,66.3,65.2,77.3,Disconnected
1/29/2026 23:43,66.4,65.3,77.3,Disconnected
1/29/2026 23:44,66.3,65.3,77.3,Disconnected
1/29/2026 23:45,66.4,65.3,77.3,Disconnected
1/29/2026 23:46,66.4,65.3,77.3,Disconnected
1/29/2026 23:47,66.5,65.4,77.3,Disconnected
1/29/2026 23:48,66.5,65.4,77.4,Disconnected
1/29/2026 23:49,66.5,65.4,77.3,Disconnected
1/29/2026 23:51,66.7,65.5,77.3,Disconnected
1/29/2026 23:52,66.5,65.5,77.3,Disconnected
1/29/2026 23:53,66.7,65.5,77.3,Disconnected
1/29/2026 23:54,66.8,65.6,77.3,Disconnected
1/29/2026 23:55,66.8,65.5,77.3,Disconnected
1/29/2026 23:56,66.8,65.5,77.3,Disconnected
1/29/2026 23:57,66.8,65.6,77.3,Disconnected
1/30/2026 0:00,66.9,65.6,77.3,Disconnected
1/30/2026 0:01,66.9,65.6,77.3,Disconnected
1/30/2026 0:02,66.9,65.8,77.4,Disconnected
1/30/2026 0:03,66.9,65.8,77.4,Disconnected
1/30/2026 0:04,66.9,65.8,77.3,Disconnected
1/30/2026 0:05,66.9,65.8,77.3,Disconnected
1/30/2026 0:06,66.9,65.8,77.3,Disconnected
1/30/2026 0:07,66.9,65.8,77.4,Disconnected
1/30/2026 0:09,67,65.8,77.4,Disconnected
1/30/2026 0:10,67,65.8,77.4,Disconnected
1/30/2026 0:11,67,65.9,77.4,Disconnected
1/30/2026 0:12,67,65.8,77.3,Disconnected
1/30/2026 0:13,67.1,65.8,77.4,Disconnected
1/30/2026 0:14,67.1,65.8,77.4,Disconnected
1/30/2026 0:15,67.1,65.8,77.4,Disconnected
1/30/2026 0:16,67.1,65.9,77.4,Disconnected
1/30/2026 0:18,67.1,65.9,77.4,Disconnected
1/30/2026 0:19,67.1,65.9,77.4,Disconnected
1/30/2026 0:20,67.1,65.9,77.4,Disconnected
1/30/2026 0:21,67.1,65.9,77.4,Disconnected
1/30/2026 0:22,66.9,65.9,77.4,Disconnected
1/30/2026 0:23,67,65.9,77.4,Disconnected
1/30/2026 0:24,67,66,77.4,Disconnected
1/30/2026 0:25,67,65.9,77.4,Disconnected
1/30/2026 0:26,67,65.9,77.4,Disconnected
1/30/2026 0:28,67,65.9,77.4,Disconnected
1/30/2026 0:29,67,65.9,77.4,Disconnected
1/30/2026 0:30,66.9,65.9,77.4,Disconnected
1/30/2026 0:31,67,65.9,77.4,Disconnected
1/30/2026 0:32,66.9,65.9,77.4,Disconnected
1/30/2026 0:33,66.9,65.9,77.4,Disconnected
1/30/2026 0:34,66.8,65.9,77.4,Disconnected
1/30/2026 0:35,66.9,65.8,77.3,Disconnected
1/30/2026 0:36,66.9,65.9,77.4,Disconnected
1/30/2026 0:38,66.9,65.9,77.3,Disconnected
1/30/2026 0:39,66.8,65.9,77.3,Disconnected
1/30/2026 0:40,66.9,65.8,77.3,Disconnected
1/30/2026 0:41,66.9,65.9,77.4,Disconnected
1/30/2026 0:42,66.9,65.8,77.3,Disconnected
1/30/2026 0:43,66.9,65.8,77.3,Disconnected
1/30/2026 0:44,66.9,65.9,77.3,Disconnected
1/30/2026 0:45,66.9,65.8,77.3,Disconnected
1/30/2026 0:47,66.9,65.8,77.3,Disconnected
1/30/2026 0:48,66.9,65.9,77.3,Disconnected
1/30/2026 0:49,66.8,65.9,77.3,Disconnected
1/30/2026 0:50,66.8,65.9,77.3,Disconnected
1/30/2026 0:51,66.8,65.9,77.4,Disconnected
1/30/2026 0:52,66.7,65.8,77.3,Disconnected
1/30/2026 0:53,66.7,65.9,77.3,Disconnected
1/30/2026 0:54,66.7,65.9,77.3,Disconnected
1/30/2026 0:56,66.7,65.9,77.3,Disconnected
1/30/2026 0:57,66.8,65.9,77.3,Disconnected
1/30/2026 0:58,66.8,65.9,77.3,Disconnected
1/30/2026 0:59,66.8,65.8,77.3,Disconnected
1/30/2026 1:00,66.8,65.6,77.3,Disconnected
1/30/2026 1:01,66.8,65.8,77.4,Disconnected
1/30/2026 1:02,66.7,65.8,77.3,Disconnected
1/30/2026 1:04,66.7,65.6,77.3,Disconnected
1/30/2026 1:05,66.7,65.9,77.3,Disconnected
1/30/2026 1:06,66.7,65.8,77.3,Disconnected
1/30/2026 1:07,66.7,65.8,77.3,Disconnected
1/30/2026 1:08,66.7,65.8,77.3,Disconnected
1/30/2026 1:09,66.7,65.8,77.3,Disconnected
1/30/2026 1:10,66.7,65.8,77.3,Disconnected
1/30/2026 1:12,66.8,65.8,77.3,Disconnected
1/30/2026 1:13,66.7,65.8,77.3,Disconnected
1/30/2026 1:14,66.8,65.8,77.3,Disconnected
1/30/2026 1:15,66.8,65.8,77.3,Disconnected
1/30/2026 1:16,66.8,65.6,77.3,Disconnected
1/30/2026 1:17,66.8,65.8,77.3,Disconnected
1/30/2026 1:18,66.8,65.8,77.3,Disconnected
1/30/2026 1:20,66.8,65.9,77.3,Disconnected
1/30/2026 1:21,66.8,65.8,77.3,Disconnected
1/30/2026 1:22,66.8,65.8,77.3,Disconnected
1/30/2026 1:23,66.8,65.8,77.3,Disconnected
1/30/2026 1:24,66.8,65.8,77.3,Disconnected
1/30/2026 1:25,66.7,65.9,77.3,Disconnected
1/30/2026 1:26,66.8,65.9,77.3,Disconnected
1/30/2026 1:27,66.8,65.9,77.3,Disconnected
1/30/2026 1:29,66.7,65.9,77.3,Disconnected
1/30/2026 1:30,66.7,65.9,77.3,Disconnected
1/30/2026 1:31,66.5,65.9,77.3,Disconnected
1/30/2026 1:32,66.5,65.8,77.3,Disconnected
1/30/2026 1:33,66.5,65.9,77.3,Disconnected
1/30/2026 1:34,66.5,65.9,77.3,Disconnected
1/30/2026 1:35,66.5,65.8,77.3,Disconnected
1/30/2026 1:37,66.5,65.8,77.3,Disconnected
1/30/2026 1:38,66.7,65.9,77.3,Disconnected
1/30/2026 1:39,66.8,65.9,77.3,Disconnected
1/30/2026 1:40,66.7,65.9,77.3,Disconnected
1/30/2026 1:41,66.7,65.9,77.3,Disconnected
1/30/2026 1:42,66.7,65.9,77.3,Disconnected
1/30/2026 1:43,66.8,65.9,77.3,Disconnected
1/30/2026 1:45,66.8,65.8,77.3,Disconnected
1/30/2026 1:46,66.9,65.9,77.3,Disconnected
1/30/2026 1:47,66.9,65.8,77.3,Disconnected
1/30/2026 1:48,66.9,65.9,77.3,Disconnected
1/30/2026 1:49,66.9,65.9,77.3,Disconnected
1/30/2026 1:50,66.9,65.9,77.3,Disconnected
1/30/2026 1:51,66.9,65.8,77.3,Disconnected
1/30/2026 1:53,66.8,65.9,77.3,Disconnected
1/30/2026 1:54,66.8,66,77.3,Disconnected
1/30/2026 1:55,66.8,65.9,77.3,Disconnected
1/30/2026 1:56,66.7,65.9,77.3,Disconnected
1/30/2026 1:57,66.7,65.9,77.3,Disconnected
1/30/2026 1:58,66.5,65.9,77.3,Disconnected
1/30/2026 1:59,66.7,65.9,77.3,Disconnected
1/30/2026 2:00,66.5,65.9,77.3,Disconnected
1/30/2026 2:02,66.7,65.8,77.3,Disconnected
1/30/2026 2:03,66.7,65.9,77.3,Disconnected
1/30/2026 2:04,66.7,65.9,77.3,Disconnected
1/30/2026 2:05,66.7,65.9,77.3,Disconnected
1/30/2026 2:06,66.7,65.9,77.3,Disconnected
1/30/2026 2:07,66.9,65.9,77.3,Disconnected
1/30/2026 2:08,66.8,65.9,77.3,Disconnected
1/30/2026 2:10,66.8,65.9,77.3,Disconnected
1/30/2026 2:11,66.8,65.8,77.3,Disconnected
1/30/2026 2:12,66.9,65.9,77.3,Disconnected
1/30/2026 2:13,66.9,65.9,77.3,Disconnected
1/30/2026 2:14,66.9,65.9,77.3,Disconnected
1/30/2026 2:15,66.9,65.9,77.3,Disconnected
1/30/2026 2:16,66.9,65.9,77.3,Disconnected
1/30/2026 2:18,66.9,65.9,77.3,Disconnected
1/30/2026 2:19,66.9,65.9,77.3,Disconnected
1/30/2026 2:20,66.9,65.8,77.3,Disconnected
1/30/2026 2:21,66.9,65.9,77.3,Disconnected
1/30/2026 2:22,66.8,65.9,77.4,Disconnected
1/30/2026 2:23,66.8,66,77.3,Disconnected
1/30/2026 2:24,66.8,66,77.3,Disconnected
1/30/2026 2:25,66.8,66,77.3,Disconnected
1/30/2026 2:27,66.8,66,77.3,Disconnected
1/30/2026 2:28,66.8,66,77.3,Disconnected
1/30/2026 2:29,66.8,65.9,77.3,Disconnected
1/30/2026 2:30,66.8,65.9,77.3,Disconnected
1/30/2026 2:31,66.8,65.9,77.3,Disconnected
1/30/2026 2:32,66.8,65.8,77.3,Disconnected
1/30/2026 2:33,66.8,66,77.3,Disconnected
1/30/2026 2:35,66.9,65.9,77.3,Disconnected
1/30/2026 2:36,66.9,65.9,77.3,Disconnected
1/30/2026 2:37,66.9,65.9,77.3,Disconnected
1/30/2026 2:38,66.9,65.9,77.3,Disconnected
1/30/2026 2:39,66.9,65.9,77.3,Disconnected
1/30/2026 2:40,66.8,65.9,77.3,Disconnected
1/30/2026 2:41,66.9,65.9,77.3,Disconnected
1/30/2026 2:43,67,65.9,77.3,Disconnected
1/30/2026 2:44,66.9,66,77.3,Disconnected
1/30/2026 2:45,67,66,77.4,Disconnected
1/30/2026 2:46,66.9,66,77.3,Disconnected
1/30/2026 2:47,67,66,77.3,Disconnected
1/30/2026 2:48,67,66,77.3,Disconnected
1/30/2026 2:49,67,66,77.3,Disconnected
1/30/2026 2:51,66.9,66,77.4,Disconnected
1/30/2026 2:52,67,66,77.3,Disconnected
1/30/2026 2:53,66.9,66,77.4,Disconnected
1/30/2026 2:54,66.9,66,77.3,Disconnected
1/30/2026 2:55,66.9,66,77.4,Disconnected
1/30/2026 2:56,66.8,66,77.3,Disconnected
1/30/2026 2:57,66.8,66,77.3,Disconnected
1/30/2026 2:58,66.8,66,77.4,Disconnected
1/30/2026 3:00,66.8,66,77.3,Disconnected
1/30/2026 3:01,66.8,66,77.3,Disconnected
1/30/2026 3:02,66.7,65.9,77.4,Disconnected
1/30/2026 3:03,66.8,66,77.3,Disconnected
1/30/2026 3:04,66.8,66,77.3,Disconnected
1/30/2026 3:05,66.8,65.9,77.3,Disconnected
1/30/2026 3:06,66.8,66,77.3,Disconnected
1/30/2026 3:08,66.9,66,77.3,Disconnected
1/30/2026 3:09,66.8,65.9,77.3,Disconnected
1/30/2026 3:10,66.9,66,77.3,Disconnected
1/30/2026 3:11,66.9,65.9,77.3,Disconnected
1/30/2026 3:12,66.9,66,77.4,Disconnected
1/30/2026 3:13,66.9,66,77.3,Disconnected
1/30/2026 3:14,66.9,66,77.3,Disconnected
1/30/2026 3:16,67,66,77.3,Disconnected
1/30/2026 3:17,67,66,77.4,Disconnected
1/30/2026 3:18,67,65.9,77.3,Disconnected
1/30/2026 3:19,66.9,66,77.3,Disconnected
1/30/2026 3:20,66.9,66,77.3,Disconnected
1/30/2026 3:21,67,66,77.3,Disconnected
1/30/2026 3:22,67,66,77.4,Disconnected
1/30/2026 3:23,66.9,66,77.4,Disconnected
1/30/2026 3:25,66.8,66.1,77.4,Disconnected
1/30/2026 3:26,66.8,66,77.4,Disconnected
1/30/2026 3:27,66.8,66.1,77.4,Disconnected
1/30/2026 3:28,66.8,66,77.4,Disconnected
1/30/2026 3:29,66.8,66,77.4,Disconnected
1/30/2026 3:30,66.8,66,77.3,Disconnected
1/30/2026 3:31,66.8,66,77.4,Disconnected
1/30/2026 3:33,66.8,66,77.3,Disconnected
1/30/2026 3:34,66.8,66,77.3,Disconnected
1/30/2026 3:35,66.8,66,77.4,Disconnected
1/30/2026 3:36,66.8,65.9,77.3,Disconnected
1/30/2026 3:37,66.8,66,77.3,Disconnected
1/30/2026 3:38,66.9,66,77.3,Disconnected
1/30/2026 3:39,67,65.9,77.4,Disconnected
1/30/2026 3:41,66.9,66,77.4,Disconnected
1/30/2026 3:42,66.9,66,77.4,Disconnected
1/30/2026 3:43,66.9,66,77.4,Disconnected
1/30/2026 3:44,67,66,77.4,Disconnected
1/30/2026 3:45,67,66,77.4,Disconnected
1/30/2026 3:46,66.9,66,77.4,Disconnected
1/30/2026 3:47,67,66,77.3,Disconnected
1/30/2026 3:48,67,66,77.3,Disconnected
1/30/2026 3:50,66.9,66.1,77.4,Disconnected
1/30/2026 3:51,66.9,66.1,77.4,Disconnected
1/30/2026 3:52,67,66,77.4,Disconnected
1/30/2026 3:53,67,66.1,77.4,Disconnected
1/30/2026 3:54,67,66.1,77.4,Disconnected
1/30/2026 3:55,66.9,66,77.4,Disconnected
1/30/2026 3:56,66.9,66.1,77.4,Disconnected
1/30/2026 3:58,66.8,66.1,77.4,Disconnected
1/30/2026 3:59,66.9,66.1,77.4,Disconnected
1/30/2026 4:00,66.9,66,77.4,Disconnected
1/30/2026 4:01,66.8,66,77.4,Disconnected
1/30/2026 4:02,66.8,66.1,77.4,Disconnected
1/30/2026 4:03,66.8,66,77.4,Disconnected
1/30/2026 4:04,66.8,66,77.4,Disconnected
1/30/2026 4:06,66.8,66,77.4,Disconnected
1/30/2026 4:07,66.8,66,77.4,Disconnected
1/30/2026 4:08,66.7,66,77.4,Disconnected
1/30/2026 4:09,66.8,66,77.4,Disconnected
1/30/2026 4:10,66.8,65.9,77.4,Disconnected
1/30/2026 4:11,66.8,66,77.4,Disconnected
1/30/2026 4:13,66.8,65.9,77.3,Disconnected
1/30/2026 4:14,66.9,65.9,77.4,Disconnected
1/30/2026 4:15,66.8,66,77.3,Disconnected
1/30/2026 4:16,66.8,65.9,77.4,Disconnected
1/30/2026 4:17,66.8,66,77.4,Disconnected
1/30/2026 4:18,66.8,65.9,77.3,Disconnected
1/30/2026 4:19,66.8,66,77.3,Disconnected
1/30/2026 4:21,66.7,65.9,77.4,Disconnected
1/30/2026 4:22,66.8,65.9,77.3,Disconnected
1/30/2026 4:23,66.7,66,77.3,Disconnected
1/30/2026 4:24,66.5,66,77.3,Disconnected
1/30/2026 4:25,66.5,65.9,77.3,Disconnected
1/30/2026 4:26,66.7,65.9,77.3,Disconnected
1/30/2026 4:28,66.7,65.8,77.3,Disconnected
1/30/2026 4:29,66.5,65.8,77.3,Disconnected
1/30/2026 4:30,66.7,65.8,77.3,Disconnected
1/30/2026 4:31,66.7,65.8,77.3,Disconnected
1/30/2026 4:32,66.7,65.9,77.3,Disconnected
1/30/2026 4:33,66.8,65.8,77.3,Disconnected
1/30/2026 4:35,66.7,65.9,77.3,Disconnected
1/30/2026 4:36,66.8,65.9,77.3,Disconnected
1/30/2026 4:37,66.8,65.9,77.3,Disconnected
1/30/2026 4:38,66.8,65.9,77.3,Disconnected
1/30/2026 4:39,66.7,65.8,77.3,Disconnected
1/30/2026 4:40,66.8,65.9,77.3,Disconnected
1/30/2026 4:41,66.8,65.9,77.4,Disconnected
1/30/2026 4:43,66.8,66,77.4,Disconnected
1/30/2026 4:44,66.8,66,77.3,Disconnected
1/30/2026 4:45,66.8,65.9,77.3,Disconnected
1/30/2026 4:46,66.9,65.9,77.4,Disconnected
1/30/2026 4:47,66.9,65.9,77.3,Disconnected
1/30/2026 4:48,66.9,66,77.4,Disconnected
1/30/2026 4:50,66.9,66,77.4,Disconnected
1/30/2026 4:51,66.9,66,77.3,Disconnected
1/30/2026 4:52,66.9,66,77.3,Disconnected
1/30/2026 4:53,66.9,66,77.4,Disconnected
1/30/2026 4:54,66.9,65.9,77.3,Disconnected
1/30/2026 4:55,66.9,66,77.4,Disconnected
1/30/2026 4:57,66.9,66,77.4,Disconnected
1/30/2026 4:58,66.9,66.1,77.4,Disconnected
1/30/2026 4:59,66.9,66.1,77.4,Disconnected
1/30/2026 5:00,67,66,77.4,Disconnected
1/30/2026 5:01,66.9,66,77.4,Disconnected
1/30/2026 5:02,66.9,66.1,77.4,Disconnected
1/30/2026 5:03,67.1,66.1,77.3,Disconnected
1/30/2026 5:04,67,66,77.3,Disconnected
1/30/2026 5:06,67,66.1,77.4,Disconnected
1/30/2026 5:07,67.1,66,77.4,Disconnected
1/30/2026 5:08,67.1,66.1,77.3,Disconnected
1/30/2026 5:09,67,66.2,77.4,Disconnected
1/30/2026 5:10,67,66.1,77.3,Disconnected
1/30/2026 5:11,67,66.2,77.4,Disconnected
1/30/2026 5:12,66.9,66.1,77.3,Disconnected
1/30/2026 5:14,66.9,66.1,77.4,Disconnected
1/30/2026 5:15,66.9,66.1,77.3,Disconnected
1/30/2026 5:16,66.9,66.1,77.4,Disconnected
1/30/2026 5:17,66.9,66.1,77.4,Disconnected
1/30/2026 5:18,66.9,66,77.4,Disconnected
1/30/2026 5:19,66.8,66.1,77.4,Disconnected
1/30/2026 5:20,66.8,66,77.4,Disconnected
1/30/2026 5:21,66.8,66.1,77.3,Disconnected
1/30/2026 5:23,66.8,66,77.3,Disconnected
1/30/2026 5:24,66.7,66,77.3,Disconnected
1/30/2026 5:25,66.8,66,77.3,Disconnected
1/30/2026 5:26,66.8,66,77.3,Disconnected
1/30/2026 5:27,66.9,66.1,77.3,Disconnected
1/30/2026 5:28,66.9,66,77.3,Disconnected
1/30/2026 5:29,66.9,66,77.3,Disconnected
1/30/2026 5:31,66.9,66,77.4,Disconnected
1/30/2026 5:32,66.9,66,77.4,Disconnected
1/30/2026 5:33,66.9,66,77.3,Disconnected
1/30/2026 5:34,66.9,66,77.4,Disconnected
1/30/2026 5:35,66.9,66,77.3,Disconnected
1/30/2026 5:36,67,66,77.3,Disconnected
1/30/2026 5:37,66.9,66,77.3,Disconnected
1/30/2026 5:39,67,66.1,77.4,Disconnected
1/30/2026 5:40,67,66,77.4,Disconnected
1/30/2026 5:41,67,66.1,77.4,Disconnected
1/30/2026 5:42,67,66,77.3,Disconnected
1/30/2026 5:43,67,66,77.4,Disconnected
1/30/2026 5:44,67,66,77.4,Disconnected
1/30/2026 5:45,67.1,66.1,77.3,Disconnected
1/30/2026 5:46,67,66.1,77.3,Disconnected
1/30/2026 5:48,67,66.1,77.3,Disconnected
1/30/2026 5:49,67.1,66.1,77.3,Disconnected
1/30/2026 5:50,67.1,66.1,77.4,Disconnected
1/30/2026 5:51,67.1,66.1,77.3,Disconnected
1/30/2026 5:52,67.1,66.2,77.4,Disconnected
1/30/2026 5:53,67.2,66.2,77.4,Disconnected
1/30/2026 5:54,67.1,66.2,77.4,Disconnected
1/30/2026 5:56,67.2,66.2,77.4,Disconnected
1/30/2026 5:57,67.2,66.2,77.4,Disconnected
1/30/2026 5:58,67.2,66.2,77.3,Disconnected
1/30/2026 5:59,67.2,66.2,77.3,Disconnected
1/30/2026 6:00,67.1,66.2,77.4,Disconnected
1/30/2026 6:01,67.2,66.2,77.3,Disconnected
1/30/2026 6:02,67.1,66.2,77.4,Disconnected
1/30/2026 6:03,67.1,66.2,77.4,Disconnected
1/30/2026 6:05,67.2,66.2,77.4,Disconnected
1/30/2026 6:06,67,66.2,77.4,Disconnected
1/30/2026 6:07,67,66.2,77.4,Disconnected
1/30/2026 6:08,67.1,66.2,77.4,Disconnected
1/30/2026 6:09,67,66.1,77.4,Disconnected
1/30/2026 6:10,67.1,66.1,77.4,Disconnected
1/30/2026 6:11,67.1,66.1,77.4,Disconnected
1/30/2026 6:13,67.1,66.1,77.3,Disconnected
1/30/2026 6:14,67.2,66.1,77.3,Disconnected
1/30/2026 6:15,67.2,66.1,77.4,Disconnected
1/30/2026 6:16,67.1,66.1,77.4,Disconnected
1/30/2026 6:17,67,66.1,77.3,Disconnected
1/30/2026 6:18,67,66.1,77.4,Disconnected
1/30/2026 6:19,67,66,77.3,Disconnected
1/30/2026 6:21,67,66.1,77.4,Disconnected
1/30/2026 6:22,66.9,66.1,77.3,Disconnected
1/30/2026 6:23,66.9,66.1,77.4,Disconnected
1/30/2026 6:24,66.9,66.1,77.3,Disconnected
1/30/2026 6:25,67,66.1,77.4,Disconnected
1/30/2026 6:26,66.9,66.1,77.3,Disconnected
1/30/2026 6:27,66.9,66,77.4,Disconnected
1/30/2026 6:28,67,66.1,77.3,Disconnected
1/30/2026 6:30,66.9,66,77.4,Disconnected
1/30/2026 6:31,66.9,66,77.4,Disconnected
1/30/2026 6:32,66.9,66,77.3,Disconnected
1/30/2026 6:33,66.9,66,77.3,Disconnected
1/30/2026 6:34,66.9,66.1,77.3,Disconnected
1/30/2026 6:35,66.8,66,77.3,Disconnected
1/30/2026 6:36,66.7,66,77.3,Disconnected
1/30/2026 6:38,66.7,66,77.4,Disconnected
1/30/2026 6:39,66.8,66,77.3,Disconnected
1/30/2026 6:40,66.7,66,77.4,Disconnected
1/30/2026 6:41,66.8,65.9,77.3,Disconnected
1/30/2026 6:42,66.8,65.9,77.3,Disconnected
1/30/2026 6:43,66.9,65.9,77.3,Disconnected
1/30/2026 6:44,66.8,65.9,77.4,Disconnected
1/30/2026 6:46,66.8,65.9,77.4,Disconnected
1/30/2026 6:47,66.8,65.9,77.3,Disconnected
1/30/2026 6:48,66.7,65.9,77.3,Disconnected
1/30/2026 6:50,66.5,66,77.3,Disconnected
1/30/2026 6:51,66.5,65.9,77.3,Disconnected
1/30/2026 6:53,66.5,65.9,77.3,Disconnected
1/30/2026 6:54,66.5,65.9,77.3,Disconnected
1/30/2026 6:55,66.5,65.8,77.3,Disconnected
1/30/2026 6:56,66.5,65.8,77.3,Disconnected
1/30/2026 6:57,66.5,65.8,77.3,Disconnected
1/30/2026 6:58,66.7,65.6,77.3,Disconnected
1/30/2026 7:00,66.5,65.8,77.3,Disconnected
1/30/2026 7:01,66.5,65.8,77.3,Disconnected
1/30/2026 7:02,66.4,65.6,77.3,Disconnected
1/30/2026 7:03,66.5,65.8,77.3,Disconnected
1/30/2026 7:04,66.5,65.8,77.3,Disconnected
1/30/2026 7:05,66.5,65.8,77.3,Disconnected
1/30/2026 7:06,66.5,65.8,77.3,Disconnected
1/30/2026 7:08,66.7,65.6,77.3,Disconnected
1/30/2026 7:09,66.7,65.8,77.3,Disconnected
1/30/2026 7:10,66.7,65.8,77.3,Disconnected
1/30/2026 7:11,66.7,65.8,77.3,Disconnected
1/30/2026 7:12,66.7,65.8,77.3,Disconnected
1/30/2026 7:13,66.8,65.9,77.3,Disconnected
1/30/2026 7:14,66.8,65.8,77.3,Disconnected
1/30/2026 7:15,66.8,65.9,77.3,Disconnected
1/30/2026 7:17,66.8,65.8,77.3,Disconnected
1/30/2026 7:18,66.8,65.8,77.3,Disconnected
1/30/2026 7:19,66.7,65.9,77.3,Disconnected
1/30/2026 7:20,66.8,65.9,77.3,Disconnected
1/30/2026 7:21,66.8,65.9,77.3,Disconnected
1/30/2026 7:22,66.8,65.9,77.4,Disconnected
1/30/2026 7:23,66.8,66,77.3,Disconnected
1/30/2026 7:25,66.8,65.8,77.3,Disconnected
1/30/2026 7:26,66.8,65.9,77.3,Disconnected
1/30/2026 7:27,66.9,66,77.3,Disconnected
1/30/2026 7:28,66.9,65.9,77.3,Disconnected
1/30/2026 7:29,66.9,65.9,77.3,Disconnected
1/30/2026 7:30,66.9,66,77.3,Disconnected
1/30/2026 7:32,66.9,66,77.3,Disconnected
1/30/2026 7:33,66.9,66,77.3,Disconnected
1/30/2026 7:34,67,66,77.3,Disconnected
1/30/2026 7:35,66.9,66,77.3,Disconnected
1/30/2026 7:36,67,66,77.3,Disconnected
1/30/2026 7:37,67,66,77.3,Disconnected
1/30/2026 7:38,67,66,77.3,Disconnected
1/30/2026 7:40,67,66.1,77.4,Disconnected
1/30/2026 7:41,67.1,66,77.3,Disconnected
1/30/2026 7:42,67.1,66.1,77.3,Disconnected
1/30/2026 7:43,67.1,66.1,77.4,Disconnected
1/30/2026 7:44,67,66.1,77.3,Disconnected
1/30/2026 7:45,67.1,66.1,77.4,Disconnected
1/30/2026 7:46,67.1,66,77.4,Disconnected
1/30/2026 7:47,66.9,66.1,77.4,Disconnected
1/30/2026 7:49,66.9,66.1,77.3,Disconnected
1/30/2026 7:50,67,66.1,77.4,Disconnected
1/30/2026 7:51,66.9,66.1,77.3,Disconnected
1/30/2026 7:52,66.9,66.1,77.3,Disconnected
1/30/2026 7:53,66.9,66.1,77.4,Disconnected
1/30/2026 7:54,66.8,66.1,77.3,Disconnected
1/30/2026 7:56,66.9,66.1,77.3,Disconnected
1/30/2026 7:57,66.8,66.1,77.3,Disconnected
1/30/2026 7:58,66.8,66.1,77.3,Disconnected
1/30/2026 8:00,66.8,66.1,77.3,Disconnected
1/30/2026 8:01,66.8,66.1,77.3,Disconnected
1/30/2026 8:02,66.8,66,77.3,Disconnected
1/30/2026 8:03,66.7,66,77.3,Disconnected
1/30/2026 8:04,66.7,66,77.4,Disconnected
1/30/2026 8:05,66.7,65.9,77.3,Disconnected
1/30/2026 8:06,66.7,66,77.3,Disconnected
1/30/2026 8:08,66.7,66,77.3,Disconnected
1/30/2026 8:09,66.5,66,77.3,Disconnected
1/30/2026 8:10,66.7,66,77.3,Disconnected
1/30/2026 8:11,66.7,65.9,77.3,Disconnected
1/30/2026 8:12,66.8,65.9,77.3,Disconnected
1/30/2026 8:13,66.8,65.9,77.3,Disconnected
1/30/2026 8:14,66.8,65.9,77.3,Disconnected
1/30/2026 8:15,66.8,65.8,77.3,Disconnected
1/30/2026 8:17,66.8,65.8,77.3,Disconnected
1/30/2026 8:18,66.8,65.9,77.3,Disconnected
1/30/2026 8:19,66.8,65.9,77.3,Disconnected
1/30/2026 8:20,66.8,65.9,77.3,Disconnected
1/30/2026 8:21,66.9,65.9,77.3,Disconnected
1/30/2026 8:22,66.9,65.9,77.3,Disconnected
1/30/2026 8:23,66.9,65.8,77.3,Disconnected
1/30/2026 8:25,66.9,65.9,77.4,Disconnected
1/30/2026 8:26,66.9,65.9,77.4,Disconnected
1/30/2026 8:27,66.9,66,77.4,Disconnected
1/30/2026 8:28,67,66,77.3,Disconnected
1/30/2026 8:29,66.9,65.9,77.4,Disconnected
1/30/2026 8:30,67,65.9,77.4,Disconnected
1/30/2026 8:31,67,66,77.4,Disconnected
1/30/2026 8:33,67,66,77.3,Disconnected
1/30/2026 8:34,67,66,77.4,Disconnected
1/30/2026 8:35,67,66.1,77.4,Disconnected
1/30/2026 8:36,67,66,77.4,Disconnected
1/30/2026 8:37,67.1,66,77.4,Disconnected
1/30/2026 8:38,67.1,66.1,77.4,Disconnected
1/30/2026 8:39,67.1,66.1,77.4,Disconnected
1/30/2026 8:41,67.1,66.1,77.3,Disconnected
1/30/2026 8:42,67,66.1,77.4,Disconnected
1/30/2026 8:43,67,66.1,77.4,Disconnected
1/30/2026 8:44,67,66,77.4,Disconnected
1/30/2026 8:45,66.9,66.1,77.4,Disconnected
1/30/2026 8:46,66.9,66.1,77.4,Disconnected
1/30/2026 8:47,66.9,66.2,77.3,Disconnected
1/30/2026 8:49,66.8,66.1,77.3,Disconnected
1/30/2026 8:50,66.9,66.1,77.3,Disconnected
1/30/2026 8:51,66.8,66.1,77.4,Disconnected
1/30/2026 8:52,66.7,66,77.4,Disconnected
1/30/2026 8:53,66.8,66,77.3,Disconnected
1/30/2026 8:54,66.8,66.1,77.4,Disconnected
1/30/2026 8:55,66.8,66,77.4,Disconnected
1/30/2026 8:57,66.8,66,77.3,Disconnected
1/30/2026 8:58,66.8,66.1,77.3,Disconnected
1/30/2026 8:59,66.7,66,77.3,Disconnected
1/30/2026 9:00,66.7,66.1,77.3,Disconnected
1/30/2026 9:01,66.8,66,77.3,Disconnected
1/30/2026 9:02,66.7,66,77.4,Disconnected
1/30/2026 9:03,66.7,66.1,77.3,Disconnected
1/30/2026 9:04,66.7,65.9,77.3,Disconnected
1/30/2026 9:06,66.7,66,77.3,Disconnected
1/30/2026 9:07,66.7,66,77.3,Disconnected
1/30/2026 9:08,66.7,66,77.3,Disconnected
1/30/2026 9:09,66.7,65.9,77.3,Disconnected
1/30/2026 9:10,66.7,66,77.3,Disconnected
1/30/2026 9:11,66.8,65.9,77.3,Disconnected
1/30/2026 9:12,66.7,65.9,77.3,Disconnected
1/30/2026 9:14,66.7,65.9,77.3,Disconnected
1/30/2026 9:15,66.7,65.8,77.3,Disconnected
1/30/2026 9:16,66.7,65.9,77.3,Disconnected
1/30/2026 9:17,66.7,65.9,77.3,Disconnected
1/30/2026 9:18,66.5,65.9,77.3,Disconnected
1/30/2026 9:19,66.7,65.9,77.3,Disconnected
1/30/2026 9:20,66.7,65.9,77.3,Disconnected
1/30/2026 9:22,66.7,65.9,77.3,Disconnected
1/30/2026 9:23,66.5,65.8,77.3,Disconnected
1/30/2026 9:24,66.5,65.9,77.3,Disconnected
1/30/2026 9:25,66.5,65.9,77.3,Disconnected
1/30/2026 9:26,66.5,65.8,77.3,Disconnected
1/30/2026 9:27,66.5,65.8,77.3,Disconnected
1/30/2026 9:29,66.7,65.6,77.3,Disconnected
1/30/2026 9:30,66.5,65.8,77.3,Disconnected
1/30/2026 9:31,66.7,65.6,77.3,Disconnected
1/30/2026 9:32,66.7,65.6,77.3,Disconnected
1/30/2026 9:33,66.7,65.6,77.3,Disconnected
1/30/2026 9:34,66.7,65.8,77.3,Disconnected
1/30/2026 9:35,66.7,65.8,77.3,Disconnected
1/30/2026 9:37,66.7,65.8,77.3,Disconnected
1/30/2026 9:38,66.8,65.8,77.3,Disconnected
1/30/2026 9:39,66.9,65.8,77.3,Disconnected
1/30/2026 9:40,66.9,65.9,77.3,Disconnected
1/30/2026 9:41,66.8,65.8,77.3,Disconnected
1/30/2026 9:42,66.8,65.6,77.3,Disconnected
1/30/2026 9:44,66.8,65.8,77.3,Disconnected
1/30/2026 9:45,66.9,65.6,77.3,Disconnected
1/30/2026 9:46,66.9,65.8,77.3,Disconnected
1/30/2026 9:47,66.9,65.8,77.3,Disconnected
1/30/2026 9:48,67,65.9,77.3,Disconnected
1/30/2026 9:49,66.9,65.9,77.2,Disconnected
1/30/2026 9:50,66.9,65.9,77.3,Disconnected
1/30/2026 9:52,66.9,65.9,77.3,Disconnected
1/30/2026 9:53,67,66,77.2,Disconnected
1/30/2026 9:54,67,66,77.3,Disconnected
1/30/2026 9:55,67.1,66,77.3,Disconnected
1/30/2026 9:56,67.1,66,77.3,Disconnected
1/30/2026 9:57,67.1,66,77.3,Disconnected
1/30/2026 9:58,67.1,66,77.3,Disconnected
1/30/2026 10:00,67,66,77.3,Disconnected
1/30/2026 10:01,67.1,66,77.2,Disconnected
1/30/2026 10:02,67.1,66.1,77.3,Disconnected
1/30/2026 10:03,67.2,66.1,77.3,Disconnected
1/30/2026 10:04,67.2,66.1,77.3,Disconnected
1/30/2026 10:05,67.2,66.1,77.3,Disconnected
1/30/2026 10:06,67.2,66.1,77.3,Disconnected
1/30/2026 10:08,67.1,66.1,77.3,Disconnected
1/30/2026 10:09,67.2,66.1,77.3,Disconnected
1/30/2026 10:10,67.2,66.1,77.3,Disconnected
1/30/2026 10:11,67.2,66.1,77.3,Disconnected
1/30/2026 10:12,67.3,66.2,77.3,Disconnected
1/30/2026 10:13,67.3,66.1,77.3,Disconnected
1/30/2026 10:14,67.3,66.2,77.3,Disconnected
1/30/2026 10:16,67.4,66.3,77.3,Disconnected
1/30/2026 10:17,67.3,66.2,77.4,Disconnected
1/30/2026 10:18,67.4,66.2,77.3,Disconnected
1/30/2026 10:19,67.4,66.3,77.3,Disconnected
1/30/2026 10:20,67.4,66.3,77.4,Disconnected
1/30/2026 10:21,67.4,66.3,77.4,Disconnected
1/30/2026 10:23,67.6,66.3,77.3,Disconnected
1/30/2026 10:24,67.6,66.3,77.4,Disconnected
1/30/2026 10:25,67.6,66.3,77.4,Disconnected
1/30/2026 10:26,67.6,66.3,77.3,Disconnected
1/30/2026 10:27,67.6,66.4,77.4,Disconnected
1/30/2026 10:28,67.7,66.4,77.4,Disconnected
1/30/2026 10:29,67.7,66.4,77.4,Disconnected
1/30/2026 10:31,67.6,66.4,77.4,Disconnected
1/30/2026 10:32,67.6,66.3,77.4,Disconnected
1/30/2026 10:33,67.6,66.4,77.4,Disconnected
1/30/2026 10:34,67.6,66.4,77.4,Disconnected
1/30/2026 10:35,67.6,66.4,77.3,Disconnected
1/30/2026 10:36,67.6,66.4,77.4,Disconnected
1/30/2026 10:37,67.6,66.3,77.4,Disconnected
1/30/2026 10:39,67.4,66.2,77.4,Disconnected
1/30/2026 10:40,67.2,65.9,77.4,Disconnected
1/30/2026 10:41,67.1,65.6,77.4,Disconnected
1/30/2026 10:42,66.9,65.3,77.4,Disconnected
1/30/2026 10:43,66.9,65.2,77.4,Disconnected
1/30/2026 10:44,66.8,65.1,77.4,Disconnected
1/30/2026 10:45,66.7,64.8,77.4,Disconnected
1/30/2026 10:46,66.7,64.8,77.3,Disconnected
1/30/2026 10:48,66.5,64.7,77.4,Disconnected
1/30/2026 10:49,66.5,64.7,77.4,Disconnected
1/30/2026 10:50,66.4,64.6,77.4,Disconnected
1/30/2026 10:51,66.3,64.6,77.4,Disconnected
1/30/2026 10:52,66.3,64.6,77.3,Disconnected
1/30/2026 10:53,66.3,64.6,77.4,Disconnected
1/30/2026 10:54,66.3,64.6,77.4,Disconnected
1/30/2026 10:55,66.3,64.6,77.4,Disconnected
1/30/2026 10:57,66.2,64.6,77.4,Disconnected
1/30/2026 10:58,66.2,64.6,77.4,Disconnected
1/30/2026 10:59,66.2,64.6,77.4,Disconnected
1/30/2026 11:00,66.2,64.5,77.4,Disconnected
1/30/2026 11:01,66.1,64.4,77.3,Disconnected
1/30/2026 11:02,66.1,64.4,77.4,Disconnected
1/30/2026 11:03,66.2,64.4,77.4,Disconnected
1/30/2026 11:04,66.1,64.4,77.4,Disconnected
1/30/2026 11:06,66.1,64.4,77.3,Disconnected
1/30/2026 11:07,66,64.4,77.3,Disconnected
1/30/2026 11:08,66.1,64.5,77.3,Disconnected
1/30/2026 11:09,66,64.5,77.4,Disconnected
1/30/2026 11:10,66,64.5,77.4,Disconnected
1/30/2026 11:11,66.1,64.5,77.4,Disconnected
1/30/2026 11:13,66,64.5,77.3,Disconnected
1/30/2026 11:14,66.1,64.6,77.3,Disconnected
1/30/2026 11:15,66.1,64.5,77.4,Disconnected
1/30/2026 11:16,66.1,64.5,77.4,Disconnected
1/30/2026 11:17,66.1,64.5,77.4,Disconnected
1/30/2026 11:18,66,64.5,77.4,Disconnected
1/30/2026 11:19,66,64.5,77.4,Disconnected
1/30/2026 11:20,66,64.5,77.3,Disconnected
1/30/2026 11:22,66,64.4,77.4,Disconnected
1/30/2026 11:23,66,64.4,77.3,Disconnected
1/30/2026 11:24,Disconnected,64.4,77.3,Disconnected
1/30/2026 11:25,65.9,64.4,77.4,Disconnected
1/30/2026 11:26,66,Disconnected,77.3,Disconnected
1/30/2026 11:27,65.9,64.5,77.4,Disconnected
1/30/2026 11:28,66,64.4,77.3,Disconnected
1/30/2026 11:30,65.9,64.5,77.4,Disconnected
1/30/2026 11:31,65.9,64.4,77.3,Disconnected
1/30/2026 11:32,66,64.4,77.3,Disconnected
1/30/2026 11:33,65.9,64.4,77.3,Disconnected
1/30/2026 11:34,65.8,64.4,77.4,Disconnected
1/30/2026 11:35,65.9,64.4,77.3,Disconnected
1/30/2026 11:36,65.8,64.4,77.3,Disconnected
1/30/2026 11:37,65.8,64.4,77.3,Disconnected
1/30/2026 11:38,65.9,64.4,77.3,Disconnected
1/30/2026 11:40,65.8,64.5,77.3,Disconnected
1/30/2026 11:41,65.8,64.4,77.3,Disconnected
1/30/2026 11:42,65.8,64.4,77.3,Disconnected
1/30/2026 11:43,65.8,64.5,77.3,Disconnected
1/30/2026 11:44,65.9,64.4,77.3,Disconnected
1/30/2026 11:45,65.8,64.5,77.3,Disconnected
1/30/2026 11:46,65.9,64.4,77.3,Disconnected
1/30/2026 11:47,65.8,64.4,77.3,Disconnected
1/30/2026 11:49,65.8,64.3,77.3,Disconnected
1/30/2026 11:50,65.6,64.3,77.3,Disconnected
1/30/2026 11:51,65.6,64.3,77.3,Disconnected
1/30/2026 11:52,65.8,64.3,77.3,Disconnected
1/30/2026 11:53,65.6,64.3,77.3,Disconnected
1/30/2026 11:54,65.8,64.4,77.3,Disconnected
1/30/2026 11:55,65.8,64.4,77.3,Disconnected
1/30/2026 11:56,65.6,64.4,77.3,Disconnected
1/30/2026 11:57,65.6,64.4,77.3,Disconnected
1/30/2026 11:59,65.8,64.3,77.3,Disconnected
1/30/2026 12:00,65.6,64.4,77.3,Disconnected
1/30/2026 12:01,65.6,64.3,77.3,Disconnected
1/30/2026 12:02,65.6,64.3,77.3,Disconnected
1/30/2026 12:03,65.6,64.3,77.3,Disconnected
1/30/2026 12:04,65.6,64.3,77.3,Disconnected
1/30/2026 12:05,65.6,64.3,77.3,Disconnected
1/30/2026 12:06,65.8,64.3,77.3,Disconnected
1/30/2026 12:08,65.6,64.2,77.3,Disconnected
1/30/2026 12:09,65.6,64.3,77.3,Disconnected
1/30/2026 12:10,65.6,64.2,77.3,Disconnected
1/30/2026 12:11,65.5,64.3,77.3,Disconnected
1/30/2026 12:12,65.6,64.2,77.3,Disconnected
1/30/2026 12:13,65.6,64.3,77.3,Disconnected
1/30/2026 12:14,65.5,64.3,77.2,Disconnected
1/30/2026 12:15,65.6,64.3,77.3,Disconnected
1/30/2026 12:17,65.6,64.3,77.3,Disconnected
1/30/2026 12:18,65.5,64.3,77.3,Disconnected
1/30/2026 12:19,65.5,64.2,77.3,Disconnected
1/30/2026 12:20,65.5,64.1,77.3,Disconnected
1/30/2026 12:21,65.4,64,77.3,Disconnected
1/30/2026 12:22,65.4,64.1,77.2,Disconnected
1/30/2026 12:23,65.3,64.1,77.2,Disconnected
1/30/2026 12:24,65.3,64,77.3,Disconnected
1/30/2026 12:25,65.3,64.1,77.2,Disconnected
1/30/2026 12:27,65.3,64.1,77.2,Disconnected
1/30/2026 12:28,65.3,64.1,77.2,Disconnected
1/30/2026 12:29,65.3,64.2,77.2,Disconnected
1/30/2026 12:30,65.4,64.3,77.2,Disconnected
1/30/2026 12:31,65.4,64.3,77.2,Disconnected
1/30/2026 12:32,65.4,64.4,77.2,60.3
1/30/2026 12:33,65.4,64.3,77.2,60.6
1/30/2026 12:34,65.3,64.2,77.2,60.8
1/30/2026 12:36,65.3,64.1,77.2,61
1/30/2026 12:37,65.3,64,77.2,60.7
1/30/2026 12:38,65.2,63.8,77.2,59.9
1/30/2026 12:39,65.2,63.8,77.2,59.7
1/30/2026 12:40,65.3,64,77.3,59.8
1/30/2026 12:45,65.2,63.7,77.2,60.5
1/30/2026 12:46,65.3,63.6,77.2,60.6
01/30/2026 12:52,65.2,63.7,77.3,61.5
01/30/2026 12:53,65.3,63.8,77.3,61.7
01/30/2026 12:54,65.3,63.7,77.3,61.8
01/30/2026 12:55,65.2,63.8,77.3,61.9
01/30/2026 12:56,65.2,63.7,77.3,62.0
01/30/2026 12:57,65.2,63.7,77.3,62.3
01/30/2026 12:58,65.2,63.8,77.3,62.4
01/30/2026 12:59,65.3,63.8,77.3,62.5
01/30/2026 13:00,65.3,63.8,77.3,62.7
01/30/2026 13:01,65.3,64.0,77.3,62.8
01/30/2026 13:03,65.3,64.0,77.3,62.9
01/30/2026 13:04,65.3,63.8,77.3,63.0
